finding_id,dataset_id,dataset_sha256,artifact_id,issue_type,priority,subject_key,summary,next_action,evidence_path,evidence_sha256,evidence_locators,policy_version
DF-046ECE1E9648CF4D79F310BF,DATASET-USER-KLINGER-GASKETS-20260713,207581e2b2c523fdfb7720131da2dd58f9795bc2745cfef84ee596139001ce86,ART-KLINGER-CATALOGUE-2014,unsupported_key,P0,"[""Klinger Top-sil-ML1 Gasket"",""ASME B16.21 Flanges"",""Table J""]","Klinger Top-sil-ML1 Gasket: unsupported key; 29 source case(s), 29 affected supplied row(s).","Confirm flange standard, class and size against exact source evidence; do not relabel by matching diameters or assume absence from this catalogue proves invalidity.",registry/reports/klinger-softcut-comparison.json,5d00ebb2fd6bae54b95084bcb1584a7ee20ff4afd5c318e544bcac32b6a3be98,"[""/cases/615"",""/cases/616"",""/cases/617"",""/cases/618"",""/cases/619"",""/cases/620"",""/cases/621"",""/cases/622"",""/cases/623"",""/cases/624"",""/cases/625"",""/cases/626"",""/cases/627"",""/cases/628"",""/cases/629"",""/cases/630"",""/cases/631"",""/cases/632"",""/cases/633"",""/cases/634"",""/cases/635"",""/cases/636"",""/cases/637"",""/cases/638"",""/cases/639"",""/cases/640"",""/cases/641"",""/cases/642"",""/cases/643""]",0.1
DF-04E27C083455A1852DEA9AB1,DATASET-USER-KLINGER-GASKETS-20260713,207581e2b2c523fdfb7720131da2dd58f9795bc2745cfef84ee596139001ce86,ART-KLINGER-CATALOGUE-2014,unsupported_key,P0,"[""Klinger PSM-AS With Eyelet Gasket"",""BS10 Flanges"",""BS10 Flanges""]","Klinger PSM-AS With Eyelet Gasket: unsupported key; 29 source case(s), 29 affected supplied row(s).","Confirm flange standard, class and size against exact source evidence; do not relabel by matching diameters or assume absence from this catalogue proves invalidity.",registry/reports/klinger-softcut-comparison.json,5d00ebb2fd6bae54b95084bcb1584a7ee20ff4afd5c318e544bcac32b6a3be98,"[""/cases/664"",""/cases/665"",""/cases/666"",""/cases/667"",""/cases/668"",""/cases/669"",""/cases/670"",""/cases/671"",""/cases/672"",""/cases/673"",""/cases/674"",""/cases/675"",""/cases/676"",""/cases/677"",""/cases/678"",""/cases/679"",""/cases/680"",""/cases/681"",""/cases/682"",""/cases/683"",""/cases/684"",""/cases/685"",""/cases/686"",""/cases/687"",""/cases/688"",""/cases/689"",""/cases/690"",""/cases/691"",""/cases/692""]",0.1
DF-070E67A4DADB91801985D7AF,DATASET-USER-KLINGER-GASKETS-20260713,207581e2b2c523fdfb7720131da2dd58f9795bc2745cfef84ee596139001ce86,ART-KLINGER-CATALOGUE-2014,unsupported_key,P0,"[""Klinger C-4106 Gasket"",""BS10 Flanges"",""Table B""]","Klinger C-4106 Gasket: unsupported key; 29 source case(s), 29 affected supplied row(s).","Confirm flange standard, class and size against exact source evidence; do not relabel by matching diameters or assume absence from this catalogue proves invalidity.",registry/reports/klinger-softcut-comparison.json,5d00ebb2fd6bae54b95084bcb1584a7ee20ff4afd5c318e544bcac32b6a3be98,"[""/cases/305"",""/cases/306"",""/cases/307"",""/cases/308"",""/cases/309"",""/cases/310"",""/cases/311"",""/cases/312"",""/cases/313"",""/cases/314"",""/cases/315"",""/cases/316"",""/cases/317"",""/cases/318"",""/cases/319"",""/cases/320"",""/cases/321"",""/cases/322"",""/cases/323"",""/cases/324"",""/cases/325"",""/cases/326"",""/cases/327"",""/cases/328"",""/cases/329"",""/cases/330"",""/cases/331"",""/cases/332"",""/cases/333""]",0.1
DF-08432116A652189F09D7801A,DATASET-USER-KLINGER-GASKETS-20260713,207581e2b2c523fdfb7720131da2dd58f9795bc2745cfef84ee596139001ce86,ART-KLINGER-CATALOGUE-2014,unsupported_key,P0,"[""Klinger Top-sil-ML1 Gasket"",""ASME B16.21 Flanges"",""Table K""]","Klinger Top-sil-ML1 Gasket: unsupported key; 20 source case(s), 20 affected supplied row(s).","Confirm flange standard, class and size against exact source evidence; do not relabel by matching diameters or assume absence from this catalogue proves invalidity.",registry/reports/klinger-softcut-comparison.json,5d00ebb2fd6bae54b95084bcb1584a7ee20ff4afd5c318e544bcac32b6a3be98,"[""/cases/644"",""/cases/645"",""/cases/646"",""/cases/647"",""/cases/648"",""/cases/649"",""/cases/650"",""/cases/651"",""/cases/652"",""/cases/653"",""/cases/654"",""/cases/655"",""/cases/656"",""/cases/657"",""/cases/658"",""/cases/659"",""/cases/660"",""/cases/661"",""/cases/662"",""/cases/663""]",0.1
DF-0BED188F9BDBC1509A207DC9,DATASET-USER-KLINGER-GASKETS-20260713,207581e2b2c523fdfb7720131da2dd58f9795bc2745cfef84ee596139001ce86,ART-KLINGER-CATALOGUE-2014,unsupported_key,P0,"[""Klinger C-4265 Gasket"",""BS10 Flanges"",""Table B""]","Klinger C-4265 Gasket: unsupported key; 29 source case(s), 29 affected supplied row(s).","Confirm flange standard, class and size against exact source evidence; do not relabel by matching diameters or assume absence from this catalogue proves invalidity.",registry/reports/klinger-softcut-comparison.json,5d00ebb2fd6bae54b95084bcb1584a7ee20ff4afd5c318e544bcac32b6a3be98,"[""/cases/305"",""/cases/306"",""/cases/307"",""/cases/308"",""/cases/309"",""/cases/310"",""/cases/311"",""/cases/312"",""/cases/313"",""/cases/314"",""/cases/315"",""/cases/316"",""/cases/317"",""/cases/318"",""/cases/319"",""/cases/320"",""/cases/321"",""/cases/322"",""/cases/323"",""/cases/324"",""/cases/325"",""/cases/326"",""/cases/327"",""/cases/328"",""/cases/329"",""/cases/330"",""/cases/331"",""/cases/332"",""/cases/333""]",0.1
DF-11B2703826F10C2773A92850,DATASET-USER-KLINGER-GASKETS-20260713,207581e2b2c523fdfb7720131da2dd58f9795bc2745cfef84ee596139001ce86,ART-KLINGER-CATALOGUE-2014,coverage_gap,P2,"[""Klinger C-4106 Gasket""]","Klinger C-4106 Gasket: coverage gap; 29 source case(s), 0 affected supplied row(s).","Confirm source coverage and scope using independent evidence; an absent key does not prove an invalid part, and missing articles must not be synthesized.",registry/reports/klinger-softcut-comparison.json,5d00ebb2fd6bae54b95084bcb1584a7ee20ff4afd5c318e544bcac32b6a3be98,"[""/catalogue_only_keys_by_family/0""]",0.1
DF-13370092076ECE8BA9B225D6,DATASET-USER-KLINGER-GASKETS-20260713,207581e2b2c523fdfb7720131da2dd58f9795bc2745cfef84ee596139001ce86,ART-KLINGER-CATALOGUE-2014,unsupported_key,P0,"[""Klinger PSM-AS Gasket"",""BS10 Flanges"",""Table B""]","Klinger PSM-AS Gasket: unsupported key; 29 source case(s), 29 affected supplied row(s).","Confirm flange standard, class and size against exact source evidence; do not relabel by matching diameters or assume absence from this catalogue proves invalidity.",registry/reports/klinger-softcut-comparison.json,5d00ebb2fd6bae54b95084bcb1584a7ee20ff4afd5c318e544bcac32b6a3be98,"[""/cases/305"",""/cases/306"",""/cases/307"",""/cases/308"",""/cases/309"",""/cases/310"",""/cases/311"",""/cases/312"",""/cases/313"",""/cases/314"",""/cases/315"",""/cases/316"",""/cases/317"",""/cases/318"",""/cases/319"",""/cases/320"",""/cases/321"",""/cases/322"",""/cases/323"",""/cases/324"",""/cases/325"",""/cases/326"",""/cases/327"",""/cases/328"",""/cases/329"",""/cases/330"",""/cases/331"",""/cases/332"",""/cases/333""]",0.1
DF-1B96BBFA017378298EC8F4D8,DATASET-USER-KLINGER-GASKETS-20260713,207581e2b2c523fdfb7720131da2dd58f9795bc2745cfef84ee596139001ce86,ART-KLINGER-CATALOGUE-2014,unsupported_key,P0,"[""Klinger Top-sil-ML1 Gasket"",""ASME B16.21 Flanges"",""Table A""]","Klinger Top-sil-ML1 Gasket: unsupported key; 29 source case(s), 29 affected supplied row(s).","Confirm flange standard, class and size against exact source evidence; do not relabel by matching diameters or assume absence from this catalogue proves invalidity.",registry/reports/klinger-softcut-comparison.json,5d00ebb2fd6bae54b95084bcb1584a7ee20ff4afd5c318e544bcac32b6a3be98,"[""/cases/470"",""/cases/471"",""/cases/472"",""/cases/473"",""/cases/474"",""/cases/475"",""/cases/476"",""/cases/477"",""/cases/478"",""/cases/479"",""/cases/480"",""/cases/481"",""/cases/482"",""/cases/483"",""/cases/484"",""/cases/485"",""/cases/486"",""/cases/487"",""/cases/488"",""/cases/489"",""/cases/490"",""/cases/491"",""/cases/492"",""/cases/493"",""/cases/494"",""/cases/495"",""/cases/496"",""/cases/497"",""/cases/498""]",0.1
DF-1F9D120DF1A8D4602D2E822C,DATASET-USER-KLINGER-GASKETS-20260713,207581e2b2c523fdfb7720131da2dd58f9795bc2745cfef84ee596139001ce86,ART-KLINGER-CATALOGUE-2014,unsupported_key,P0,"[""Klinger C-4430 Gasket"",""BS10 Flanges"",""Table B""]","Klinger C-4430 Gasket: unsupported key; 29 source case(s), 29 affected supplied row(s).","Confirm flange standard, class and size against exact source evidence; do not relabel by matching diameters or assume absence from this catalogue proves invalidity.",registry/reports/klinger-softcut-comparison.json,5d00ebb2fd6bae54b95084bcb1584a7ee20ff4afd5c318e544bcac32b6a3be98,"[""/cases/305"",""/cases/306"",""/cases/307"",""/cases/308"",""/cases/309"",""/cases/310"",""/cases/311"",""/cases/312"",""/cases/313"",""/cases/314"",""/cases/315"",""/cases/316"",""/cases/317"",""/cases/318"",""/cases/319"",""/cases/320"",""/cases/321"",""/cases/322"",""/cases/323"",""/cases/324"",""/cases/325"",""/cases/326"",""/cases/327"",""/cases/328"",""/cases/329"",""/cases/330"",""/cases/331"",""/cases/332"",""/cases/333""]",0.1
DF-23D3CE9CDDB1D5965F6DF467,DATASET-USER-KLINGER-GASKETS-20260713,207581e2b2c523fdfb7720131da2dd58f9795bc2745cfef84ee596139001ce86,ART-KLINGER-CATALOGUE-2014,coverage_gap,P2,"[""Klinger Top-sil-ML1 Gasket""]","Klinger Top-sil-ML1 Gasket: coverage gap; 194 source case(s), 0 affected supplied row(s).","Confirm source coverage and scope using independent evidence; an absent key does not prove an invalid part, and missing articles must not be synthesized.",registry/reports/klinger-softcut-comparison.json,5d00ebb2fd6bae54b95084bcb1584a7ee20ff4afd5c318e544bcac32b6a3be98,"[""/catalogue_only_keys_by_family/23""]",0.1
DF-2E94148FA582D3DCC0FC72BD,DATASET-USER-KLINGER-GASKETS-20260713,207581e2b2c523fdfb7720131da2dd58f9795bc2745cfef84ee596139001ce86,ART-KLINGER-CATALOGUE-2014,unsupported_key,P0,"[""Klinger Top-Graph-2000 Gasket"",""BS10 Flanges"",""Table B""]","Klinger Top-Graph-2000 Gasket: unsupported key; 29 source case(s), 29 affected supplied row(s).","Confirm flange standard, class and size against exact source evidence; do not relabel by matching diameters or assume absence from this catalogue proves invalidity.",registry/reports/klinger-softcut-comparison.json,5d00ebb2fd6bae54b95084bcb1584a7ee20ff4afd5c318e544bcac32b6a3be98,"[""/cases/305"",""/cases/306"",""/cases/307"",""/cases/308"",""/cases/309"",""/cases/310"",""/cases/311"",""/cases/312"",""/cases/313"",""/cases/314"",""/cases/315"",""/cases/316"",""/cases/317"",""/cases/318"",""/cases/319"",""/cases/320"",""/cases/321"",""/cases/322"",""/cases/323"",""/cases/324"",""/cases/325"",""/cases/326"",""/cases/327"",""/cases/328"",""/cases/329"",""/cases/330"",""/cases/331"",""/cases/332"",""/cases/333""]",0.1
DF-300AF69EF3288CC94315DA4E,DATASET-USER-PIPING-20260702,674cb646412b8f1ef538f3c6cf4e473f1f832f0b9c65b0b45aebed04e4d7e875,ART-TENARIS-CIVIL-2026,coverage_gap,P2,"[""Pipe"",""DN80""]","Pipe: coverage gap; 4 source case(s), 4 affected supplied row(s).","Confirm source coverage and scope using independent evidence; an absent key does not prove an invalid part, and missing articles must not be synthesized.",registry/reports/piping-tenaris-comparison.json,980ed9d4206ee77fd3997d55805381126b53a17897ae06a5b32c41737b568190,"[""/records/34"",""/records/35"",""/records/36"",""/records/37""]",0.1
DF-325901212A2248D2294ECDB8,DATASET-USER-KLINGER-GASKETS-20260713,207581e2b2c523fdfb7720131da2dd58f9795bc2745cfef84ee596139001ce86,ART-KLINGER-CATALOGUE-2014,dimension_conflict,P0,"[""Klinger Maxiflex Gasket"",""BS 10 Standard Flanges"",""Table K""]","Klinger Maxiflex Gasket: dimension conflict; 1 source case(s), 1 affected supplied row(s).","Verify the exact drawing and source edition, retain the raw value and record a separately reviewed correction; do not silently replace dimensions.",registry/reports/klinger-maxiflex-comparison.json,addd653752b6d938a8bc9045571e4973702fed9eba2ab65191a508c52dc036d7,"[""/conflicts/48""]",0.1
DF-35898BC6B8403F04C660E2D6,DATASET-USER-PIPING-20260702,674cb646412b8f1ef538f3c6cf4e473f1f832f0b9c65b0b45aebed04e4d7e875,ART-TENARIS-CIVIL-2026,coverage_gap,P2,"[""Pipe"",""DN10""]","Pipe: coverage gap; 2 source case(s), 2 affected supplied row(s).","Confirm source coverage and scope using independent evidence; an absent key does not prove an invalid part, and missing articles must not be synthesized.",registry/reports/piping-tenaris-comparison.json,980ed9d4206ee77fd3997d55805381126b53a17897ae06a5b32c41737b568190,"[""/records/4"",""/records/5""]",0.1
DF-37C472CE9FC9EAB82E41C2CC,DATASET-USER-KLINGER-GASKETS-20260713,207581e2b2c523fdfb7720131da2dd58f9795bc2745cfef84ee596139001ce86,ART-KLINGER-CATALOGUE-2014,unsupported_key,P0,"[""Klinger C-4509 Gasket"",""BS10 Flanges"",""Table B""]","Klinger C-4509 Gasket: unsupported key; 29 source case(s), 29 affected supplied row(s).","Confirm flange standard, class and size against exact source evidence; do not relabel by matching diameters or assume absence from this catalogue proves invalidity.",registry/reports/klinger-softcut-comparison.json,5d00ebb2fd6bae54b95084bcb1584a7ee20ff4afd5c318e544bcac32b6a3be98,"[""/cases/305"",""/cases/306"",""/cases/307"",""/cases/308"",""/cases/309"",""/cases/310"",""/cases/311"",""/cases/312"",""/cases/313"",""/cases/314"",""/cases/315"",""/cases/316"",""/cases/317"",""/cases/318"",""/cases/319"",""/cases/320"",""/cases/321"",""/cases/322"",""/cases/323"",""/cases/324"",""/cases/325"",""/cases/326"",""/cases/327"",""/cases/328"",""/cases/329"",""/cases/330"",""/cases/331"",""/cases/332"",""/cases/333""]",0.1
DF-401343261ED27CB50B9C072C,DATASET-USER-KLINGER-GASKETS-20260713,207581e2b2c523fdfb7720131da2dd58f9795bc2745cfef84ee596139001ce86,ART-KLINGER-CATALOGUE-2014,unsupported_key,P0,"[""Klinger C-6307 Gasket"",""BS10 Flanges"",""Table B""]","Klinger C-6307 Gasket: unsupported key; 29 source case(s), 29 affected supplied row(s).","Confirm flange standard, class and size against exact source evidence; do not relabel by matching diameters or assume absence from this catalogue proves invalidity.",registry/reports/klinger-softcut-comparison.json,5d00ebb2fd6bae54b95084bcb1584a7ee20ff4afd5c318e544bcac32b6a3be98,"[""/cases/305"",""/cases/306"",""/cases/307"",""/cases/308"",""/cases/309"",""/cases/310"",""/cases/311"",""/cases/312"",""/cases/313"",""/cases/314"",""/cases/315"",""/cases/316"",""/cases/317"",""/cases/318"",""/cases/319"",""/cases/320"",""/cases/321"",""/cases/322"",""/cases/323"",""/cases/324"",""/cases/325"",""/cases/326"",""/cases/327"",""/cases/328"",""/cases/329"",""/cases/330"",""/cases/331"",""/cases/332"",""/cases/333""]",0.1
DF-43D058E1DFA5B3BF0084191B,DATASET-USER-PIPING-20260702,674cb646412b8f1ef538f3c6cf4e473f1f832f0b9c65b0b45aebed04e4d7e875,ART-TENARIS-CIVIL-2026,source_ambiguity,P0,"[""Pipe"",""DN65""]","Pipe: source ambiguity; 4 source case(s), 4 affected supplied row(s).",Corroborate the printed nominal-size anomaly with independent primary evidence; do not choose a convenient source candidate or silently correct its nominal diameter.,registry/reports/piping-tenaris-comparison.json,980ed9d4206ee77fd3997d55805381126b53a17897ae06a5b32c41737b568190,"[""/records/30"",""/records/31"",""/records/32"",""/records/33""]",0.1
DF-44350C0094D248CCFF0F3420,DATASET-USER-KLINGER-GASKETS-20260713,207581e2b2c523fdfb7720131da2dd58f9795bc2745cfef84ee596139001ce86,ART-KLINGER-CATALOGUE-2014,coverage_gap,P2,"[""Klinger C-4265 Gasket""]","Klinger C-4265 Gasket: coverage gap; 29 source case(s), 0 affected supplied row(s).","Confirm source coverage and scope using independent evidence; an absent key does not prove an invalid part, and missing articles must not be synthesized.",registry/reports/klinger-softcut-comparison.json,5d00ebb2fd6bae54b95084bcb1584a7ee20ff4afd5c318e544bcac32b6a3be98,"[""/catalogue_only_keys_by_family/1""]",0.1
DF-456136D93FCC79EFDE7D6469,DATASET-USER-KLINGER-GASKETS-20260713,207581e2b2c523fdfb7720131da2dd58f9795bc2745cfef84ee596139001ce86,ART-KLINGER-CATALOGUE-2014,coverage_gap,P2,"[""Klinger Top-Chem-2006 Gasket""]","Klinger Top-Chem-2006 Gasket: coverage gap; 29 source case(s), 0 affected supplied row(s).","Confirm source coverage and scope using independent evidence; an absent key does not prove an invalid part, and missing articles must not be synthesized.",registry/reports/klinger-softcut-comparison.json,5d00ebb2fd6bae54b95084bcb1584a7ee20ff4afd5c318e544bcac32b6a3be98,"[""/catalogue_only_keys_by_family/21""]",0.1
DF-4594A1BAF86A44CE54D091DB,DATASET-USER-KLINGER-GASKETS-20260713,207581e2b2c523fdfb7720131da2dd58f9795bc2745cfef84ee596139001ce86,ART-KLINGER-CATALOGUE-2014,coverage_gap,P2,"[""Klinger Envelope Gasket""]","Klinger Envelope Gasket: coverage gap; 30 source case(s), 0 affected supplied row(s).","Confirm source coverage and scope using independent evidence; an absent key does not prove an invalid part, and missing articles must not be synthesized.",registry/reports/klinger-softcut-comparison.json,5d00ebb2fd6bae54b95084bcb1584a7ee20ff4afd5c318e544bcac32b6a3be98,"[""/catalogue_only_keys_by_family/10""]",0.1
DF-460C531F16D0BC1FC05EEA85,DATASET-USER-KLINGER-GASKETS-20260713,207581e2b2c523fdfb7720131da2dd58f9795bc2745cfef84ee596139001ce86,ART-KLINGER-CATALOGUE-2014,unsupported_key,P0,"[""Klinger Top-sil-ML1 Gasket"",""ASME B16.21 Flanges"",""Table F""]","Klinger Top-sil-ML1 Gasket: unsupported key; 29 source case(s), 29 affected supplied row(s).","Confirm flange standard, class and size against exact source evidence; do not relabel by matching diameters or assume absence from this catalogue proves invalidity.",registry/reports/klinger-softcut-comparison.json,5d00ebb2fd6bae54b95084bcb1584a7ee20ff4afd5c318e544bcac32b6a3be98,"[""/cases/557"",""/cases/558"",""/cases/559"",""/cases/560"",""/cases/561"",""/cases/562"",""/cases/563"",""/cases/564"",""/cases/565"",""/cases/566"",""/cases/567"",""/cases/568"",""/cases/569"",""/cases/570"",""/cases/571"",""/cases/572"",""/cases/573"",""/cases/574"",""/cases/575"",""/cases/576"",""/cases/577"",""/cases/578"",""/cases/579"",""/cases/580"",""/cases/581"",""/cases/582"",""/cases/583"",""/cases/584"",""/cases/585""]",0.1
DF-47B2111E85E7B0EBC7AE39D0,DATASET-USER-KLINGER-GASKETS-20260713,207581e2b2c523fdfb7720131da2dd58f9795bc2745cfef84ee596139001ce86,ART-KLINGER-CATALOGUE-2014,unsupported_key,P0,"[""Klinger C-4400 Gasket"",""BS10 Flanges"",""Table B""]","Klinger C-4400 Gasket: unsupported key; 29 source case(s), 29 affected supplied row(s).","Confirm flange standard, class and size against exact source evidence; do not relabel by matching diameters or assume absence from this catalogue proves invalidity.",registry/reports/klinger-softcut-comparison.json,5d00ebb2fd6bae54b95084bcb1584a7ee20ff4afd5c318e544bcac32b6a3be98,"[""/cases/305"",""/cases/306"",""/cases/307"",""/cases/308"",""/cases/309"",""/cases/310"",""/cases/311"",""/cases/312"",""/cases/313"",""/cases/314"",""/cases/315"",""/cases/316"",""/cases/317"",""/cases/318"",""/cases/319"",""/cases/320"",""/cases/321"",""/cases/322"",""/cases/323"",""/cases/324"",""/cases/325"",""/cases/326"",""/cases/327"",""/cases/328"",""/cases/329"",""/cases/330"",""/cases/331"",""/cases/332"",""/cases/333""]",0.1
DF-498A7B7329B9D6608311014D,DATASET-USER-KLINGER-GASKETS-20260713,207581e2b2c523fdfb7720131da2dd58f9795bc2745cfef84ee596139001ce86,ART-KLINGER-CATALOGUE-2014,coverage_gap,P2,"[""Klinger C-4509 Gasket""]","Klinger C-4509 Gasket: coverage gap; 29 source case(s), 0 affected supplied row(s).","Confirm source coverage and scope using independent evidence; an absent key does not prove an invalid part, and missing articles must not be synthesized.",registry/reports/klinger-softcut-comparison.json,5d00ebb2fd6bae54b95084bcb1584a7ee20ff4afd5c318e544bcac32b6a3be98,"[""/catalogue_only_keys_by_family/7""]",0.1
DF-4DF33BE90AF38D01EE90AAE4,DATASET-USER-KLINGER-GASKETS-20260713,207581e2b2c523fdfb7720131da2dd58f9795bc2745cfef84ee596139001ce86,ART-KLINGER-CATALOGUE-2014,coverage_gap,P2,"[""Klinger Top-Chem-2000 Gasket""]","Klinger Top-Chem-2000 Gasket: coverage gap; 29 source case(s), 0 affected supplied row(s).","Confirm source coverage and scope using independent evidence; an absent key does not prove an invalid part, and missing articles must not be synthesized.",registry/reports/klinger-softcut-comparison.json,5d00ebb2fd6bae54b95084bcb1584a7ee20ff4afd5c318e544bcac32b6a3be98,"[""/catalogue_only_keys_by_family/18""]",0.1
DF-56178DCCC31B124FCB75759E,DATASET-USER-KLINGER-GASKETS-20260713,207581e2b2c523fdfb7720131da2dd58f9795bc2745cfef84ee596139001ce86,ART-KLINGER-CATALOGUE-2014,dimension_conflict,P0,"[""Klinger Maxiflex Gasket"",""DIN Standard Flanges"",""PN100""]","Klinger Maxiflex Gasket: dimension conflict; 14 source case(s), 14 affected supplied row(s).","Verify the exact drawing and source edition, retain the raw value and record a separately reviewed correction; do not silently replace dimensions.",registry/reports/klinger-maxiflex-comparison.json,addd653752b6d938a8bc9045571e4973702fed9eba2ab65191a508c52dc036d7,"[""/conflicts/34"",""/conflicts/35"",""/conflicts/36"",""/conflicts/37"",""/conflicts/38"",""/conflicts/39"",""/conflicts/40"",""/conflicts/41"",""/conflicts/42"",""/conflicts/43"",""/conflicts/44"",""/conflicts/45"",""/conflicts/46"",""/conflicts/47""]",0.1
DF-589BCF4CAF6860151E526561,DATASET-USER-KLINGER-GASKETS-20260713,207581e2b2c523fdfb7720131da2dd58f9795bc2745cfef84ee596139001ce86,ART-KLINGER-CATALOGUE-2014,coverage_gap,P2,"[""Klinger Top-Graph-2000 Gasket""]","Klinger Top-Graph-2000 Gasket: coverage gap; 29 source case(s), 0 affected supplied row(s).","Confirm source coverage and scope using independent evidence; an absent key does not prove an invalid part, and missing articles must not be synthesized.",registry/reports/klinger-softcut-comparison.json,5d00ebb2fd6bae54b95084bcb1584a7ee20ff4afd5c318e544bcac32b6a3be98,"[""/catalogue_only_keys_by_family/22""]",0.1
DF-5927B10FFDAB1A77856CB925,DATASET-USER-KLINGER-GASKETS-20260713,207581e2b2c523fdfb7720131da2dd58f9795bc2745cfef84ee596139001ce86,ART-KLINGER-CATALOGUE-2014,unsupported_key,P0,"[""Klinger Quantum Gasket"",""BS10 Flanges"",""Table B""]","Klinger Quantum Gasket: unsupported key; 29 source case(s), 29 affected supplied row(s).","Confirm flange standard, class and size against exact source evidence; do not relabel by matching diameters or assume absence from this catalogue proves invalidity.",registry/reports/klinger-softcut-comparison.json,5d00ebb2fd6bae54b95084bcb1584a7ee20ff4afd5c318e544bcac32b6a3be98,"[""/cases/305"",""/cases/306"",""/cases/307"",""/cases/308"",""/cases/309"",""/cases/310"",""/cases/311"",""/cases/312"",""/cases/313"",""/cases/314"",""/cases/315"",""/cases/316"",""/cases/317"",""/cases/318"",""/cases/319"",""/cases/320"",""/cases/321"",""/cases/322"",""/cases/323"",""/cases/324"",""/cases/325"",""/cases/326"",""/cases/327"",""/cases/328"",""/cases/329"",""/cases/330"",""/cases/331"",""/cases/332"",""/cases/333""]",0.1
DF-5A8D898F872A4303C5D8F3D2,DATASET-USER-KLINGER-GASKETS-20260713,207581e2b2c523fdfb7720131da2dd58f9795bc2745cfef84ee596139001ce86,ART-KLINGER-CATALOGUE-2014,dimension_conflict,P0,"[""Klinger MaxiProfile Gasket"",""DIN Standard Flanges"",""PN16""]","Klinger MaxiProfile Gasket: dimension conflict; 1 source case(s), 1 affected supplied row(s).","Verify the exact drawing and source edition, retain the raw value and record a separately reviewed correction; do not silently replace dimensions.",registry/reports/klinger-maxiprofile-comparison.json,8b6caa9d3b69fc81c544815d810b3828d0971e046361c4c6a352af9b18688c9c,"[""/conflicts/0""]",0.1
DF-5EB472EE62D3A71524630001,DATASET-USER-KLINGER-GASKETS-20260713,207581e2b2c523fdfb7720131da2dd58f9795bc2745cfef84ee596139001ce86,ART-KLINGER-CATALOGUE-2014,coverage_gap,P2,"[""Klinger Top-Chem-2005 Gasket""]","Klinger Top-Chem-2005 Gasket: coverage gap; 29 source case(s), 0 affected supplied row(s).","Confirm source coverage and scope using independent evidence; an absent key does not prove an invalid part, and missing articles must not be synthesized.",registry/reports/klinger-softcut-comparison.json,5d00ebb2fd6bae54b95084bcb1584a7ee20ff4afd5c318e544bcac32b6a3be98,"[""/catalogue_only_keys_by_family/20""]",0.1
DF-6249A5926C67C8AA91339839,DATASET-USER-KLINGER-GASKETS-20260713,207581e2b2c523fdfb7720131da2dd58f9795bc2745cfef84ee596139001ce86,ART-KLINGER-CATALOGUE-2014,coverage_gap,P2,"[""Klinger PSM-AS Gasket""]","Klinger PSM-AS Gasket: coverage gap; 29 source case(s), 0 affected supplied row(s).","Confirm source coverage and scope using independent evidence; an absent key does not prove an invalid part, and missing articles must not be synthesized.",registry/reports/klinger-softcut-comparison.json,5d00ebb2fd6bae54b95084bcb1584a7ee20ff4afd5c318e544bcac32b6a3be98,"[""/catalogue_only_keys_by_family/11""]",0.1
DF-723419D1A07ADEFB260BA390,DATASET-USER-KLINGER-GASKETS-20260713,207581e2b2c523fdfb7720131da2dd58f9795bc2745cfef84ee596139001ce86,ART-KLINGER-CATALOGUE-2014,coverage_gap,P2,"[""Klinger Maxiflex Gasket""]","Klinger Maxiflex Gasket: coverage gap; 60 source case(s), 0 affected supplied row(s).","Confirm source coverage and scope using independent evidence; an absent key does not prove an invalid part, and missing articles must not be synthesized.",registry/reports/klinger-maxiflex-comparison.json,addd653752b6d938a8bc9045571e4973702fed9eba2ab65191a508c52dc036d7,"[""/catalogue_only_keys""]",0.1
DF-7398C80653B220142F89B22A,DATASET-USER-KLINGER-GASKETS-20260713,207581e2b2c523fdfb7720131da2dd58f9795bc2745cfef84ee596139001ce86,ART-KLINGER-CATALOGUE-2014,coverage_gap,P2,"[""Klinger Soft-Chem Gasket""]","Klinger Soft-Chem Gasket: coverage gap; 58 source case(s), 0 affected supplied row(s).","Confirm source coverage and scope using independent evidence; an absent key does not prove an invalid part, and missing articles must not be synthesized.",registry/reports/klinger-softcut-comparison.json,5d00ebb2fd6bae54b95084bcb1584a7ee20ff4afd5c318e544bcac32b6a3be98,"[""/catalogue_only_keys_by_family/16""]",0.1
DF-76EF7A0358D371A49E500BED,DATASET-USER-KLINGER-GASKETS-20260713,207581e2b2c523fdfb7720131da2dd58f9795bc2745cfef84ee596139001ce86,ART-KLINGER-CATALOGUE-2014,coverage_gap,P2,"[""Klinger Quantum Gasket""]","Klinger Quantum Gasket: coverage gap; 29 source case(s), 0 affected supplied row(s).","Confirm source coverage and scope using independent evidence; an absent key does not prove an invalid part, and missing articles must not be synthesized.",registry/reports/klinger-softcut-comparison.json,5d00ebb2fd6bae54b95084bcb1584a7ee20ff4afd5c318e544bcac32b6a3be98,"[""/catalogue_only_keys_by_family/13""]",0.1
DF-790052CCB6398BFA787E3C9A,DATASET-USER-KLINGER-GASKETS-20260713,207581e2b2c523fdfb7720131da2dd58f9795bc2745cfef84ee596139001ce86,ART-KLINGER-CATALOGUE-2014,coverage_gap,P2,"[""Klinger PSM-AS With Eyelet Gasket""]","Klinger PSM-AS With Eyelet Gasket: coverage gap; 58 source case(s), 0 affected supplied row(s).","Confirm source coverage and scope using independent evidence; an absent key does not prove an invalid part, and missing articles must not be synthesized.",registry/reports/klinger-softcut-comparison.json,5d00ebb2fd6bae54b95084bcb1584a7ee20ff4afd5c318e544bcac32b6a3be98,"[""/catalogue_only_keys_by_family/12""]",0.1
DF-7B6EC6821831371C4839AF7A,DATASET-USER-KLINGER-GASKETS-20260713,207581e2b2c523fdfb7720131da2dd58f9795bc2745cfef84ee596139001ce86,ART-KLINGER-CATALOGUE-2014,coverage_gap,P2,"[""Klinger Sealex Gasket""]","Klinger Sealex Gasket: coverage gap; 30 source case(s), 0 affected supplied row(s).","Confirm source coverage and scope using independent evidence; an absent key does not prove an invalid part, and missing articles must not be synthesized.",registry/reports/klinger-softcut-comparison.json,5d00ebb2fd6bae54b95084bcb1584a7ee20ff4afd5c318e544bcac32b6a3be98,"[""/catalogue_only_keys_by_family/15""]",0.1
DF-7FA2A134455FAEC2E38D4679,DATASET-USER-KLINGER-GASKETS-20260713,207581e2b2c523fdfb7720131da2dd58f9795bc2745cfef84ee596139001ce86,ART-KLINGER-CATALOGUE-2014,unsupported_key,P0,"[""Klinger Sealex Gasket"",""Table K Gaskets for use with BS10 Flanges"",""Table K Gaskets for use with BS10 Flanges""]","Klinger Sealex Gasket: unsupported key; 1 source case(s), 1 affected supplied row(s).","Confirm flange standard, class and size against exact source evidence; do not relabel by matching diameters or assume absence from this catalogue proves invalidity.",registry/reports/klinger-softcut-comparison.json,5d00ebb2fd6bae54b95084bcb1584a7ee20ff4afd5c318e544bcac32b6a3be98,"[""/cases/722""]",0.1
DF-879A75B9AB6A810AB0D04857,DATASET-USER-KLINGER-GASKETS-20260713,207581e2b2c523fdfb7720131da2dd58f9795bc2745cfef84ee596139001ce86,ART-KLINGER-CATALOGUE-2014,coverage_gap,P2,"[""Klinger C-8200 Gasket""]","Klinger C-8200 Gasket: coverage gap; 29 source case(s), 0 affected supplied row(s).","Confirm source coverage and scope using independent evidence; an absent key does not prove an invalid part, and missing articles must not be synthesized.",registry/reports/klinger-softcut-comparison.json,5d00ebb2fd6bae54b95084bcb1584a7ee20ff4afd5c318e544bcac32b6a3be98,"[""/catalogue_only_keys_by_family/9""]",0.1
DF-89C831F45983D1CFABC7FAB2,DATASET-USER-KLINGER-GASKETS-20260713,207581e2b2c523fdfb7720131da2dd58f9795bc2745cfef84ee596139001ce86,ART-KLINGER-CATALOGUE-2014,dimension_conflict,P0,"[""Klinger Maxiflex Gasket"",""DIN Standard Flanges"",""PN40""]","Klinger Maxiflex Gasket: dimension conflict; 18 source case(s), 18 affected supplied row(s).","Verify the exact drawing and source edition, retain the raw value and record a separately reviewed correction; do not silently replace dimensions.",registry/reports/klinger-maxiflex-comparison.json,addd653752b6d938a8bc9045571e4973702fed9eba2ab65191a508c52dc036d7,"[""/conflicts/16"",""/conflicts/17"",""/conflicts/18"",""/conflicts/19"",""/conflicts/20"",""/conflicts/21"",""/conflicts/22"",""/conflicts/23"",""/conflicts/24"",""/conflicts/25"",""/conflicts/26"",""/conflicts/27"",""/conflicts/28"",""/conflicts/29"",""/conflicts/30"",""/conflicts/31"",""/conflicts/32"",""/conflicts/33""]",0.1
DF-8A2D14C3B3FC07E5758DBBA8,DATASET-USER-KLINGER-GASKETS-20260713,207581e2b2c523fdfb7720131da2dd58f9795bc2745cfef84ee596139001ce86,ART-KLINGER-CATALOGUE-2014,unsupported_key,P0,"[""Klinger Top-sil-ML1 Gasket"",""ASME B16.21 Flanges"",""Table H""]","Klinger Top-sil-ML1 Gasket: unsupported key; 29 source case(s), 29 affected supplied row(s).","Confirm flange standard, class and size against exact source evidence; do not relabel by matching diameters or assume absence from this catalogue proves invalidity.",registry/reports/klinger-softcut-comparison.json,5d00ebb2fd6bae54b95084bcb1584a7ee20ff4afd5c318e544bcac32b6a3be98,"[""/cases/586"",""/cases/587"",""/cases/588"",""/cases/589"",""/cases/590"",""/cases/591"",""/cases/592"",""/cases/593"",""/cases/594"",""/cases/595"",""/cases/596"",""/cases/597"",""/cases/598"",""/cases/599"",""/cases/600"",""/cases/601"",""/cases/602"",""/cases/603"",""/cases/604"",""/cases/605"",""/cases/606"",""/cases/607"",""/cases/608"",""/cases/609"",""/cases/610"",""/cases/611"",""/cases/612"",""/cases/613"",""/cases/614""]",0.1
DF-8B0BEE6DA7B1530A9DB9FAE3,DATASET-USER-KLINGER-GASKETS-20260713,207581e2b2c523fdfb7720131da2dd58f9795bc2745cfef84ee596139001ce86,ART-KLINGER-CATALOGUE-2014,unsupported_key,P0,"[""Klinger Maxiflex Gasket"",""DIN Standard Flanges"",""PN20""]","Klinger Maxiflex Gasket: unsupported key; 29 source case(s), 29 affected supplied row(s).","Confirm flange standard, class and size against exact source evidence; do not relabel by matching diameters or assume absence from this catalogue proves invalidity.",registry/reports/klinger-maxiflex-comparison.json,addd653752b6d938a8bc9045571e4973702fed9eba2ab65191a508c52dc036d7,"[""/unsupported_keys/0"",""/unsupported_keys/1"",""/unsupported_keys/10"",""/unsupported_keys/11"",""/unsupported_keys/12"",""/unsupported_keys/13"",""/unsupported_keys/14"",""/unsupported_keys/15"",""/unsupported_keys/16"",""/unsupported_keys/17"",""/unsupported_keys/18"",""/unsupported_keys/19"",""/unsupported_keys/2"",""/unsupported_keys/20"",""/unsupported_keys/21"",""/unsupported_keys/22"",""/unsupported_keys/23"",""/unsupported_keys/24"",""/unsupported_keys/25"",""/unsupported_keys/26"",""/unsupported_keys/27"",""/unsupported_keys/28"",""/unsupported_keys/3"",""/unsupported_keys/4"",""/unsupported_keys/5"",""/unsupported_keys/6"",""/unsupported_keys/7"",""/unsupported_keys/8"",""/unsupported_keys/9""]",0.1
DF-8BE2EB4E9AD750AA74889F8E,DATASET-USER-KLINGER-GASKETS-20260713,207581e2b2c523fdfb7720131da2dd58f9795bc2745cfef84ee596139001ce86,ART-KLINGER-CATALOGUE-2014,unsupported_key,P0,"[""Klinger Top-sil-ML1 Gasket"",""ASME B16.21 Flanges"",""Table E""]","Klinger Top-sil-ML1 Gasket: unsupported key; 29 source case(s), 29 affected supplied row(s).","Confirm flange standard, class and size against exact source evidence; do not relabel by matching diameters or assume absence from this catalogue proves invalidity.",registry/reports/klinger-softcut-comparison.json,5d00ebb2fd6bae54b95084bcb1584a7ee20ff4afd5c318e544bcac32b6a3be98,"[""/cases/528"",""/cases/529"",""/cases/530"",""/cases/531"",""/cases/532"",""/cases/533"",""/cases/534"",""/cases/535"",""/cases/536"",""/cases/537"",""/cases/538"",""/cases/539"",""/cases/540"",""/cases/541"",""/cases/542"",""/cases/543"",""/cases/544"",""/cases/545"",""/cases/546"",""/cases/547"",""/cases/548"",""/cases/549"",""/cases/550"",""/cases/551"",""/cases/552"",""/cases/553"",""/cases/554"",""/cases/555"",""/cases/556""]",0.1
DF-8DB630F1AD10E0244161B155,DATASET-USER-KLINGER-GASKETS-20260713,207581e2b2c523fdfb7720131da2dd58f9795bc2745cfef84ee596139001ce86,ART-KLINGER-CATALOGUE-2014,coverage_gap,P2,"[""Klinger C-4324 Gasket""]","Klinger C-4324 Gasket: coverage gap; 29 source case(s), 0 affected supplied row(s).","Confirm source coverage and scope using independent evidence; an absent key does not prove an invalid part, and missing articles must not be synthesized.",registry/reports/klinger-softcut-comparison.json,5d00ebb2fd6bae54b95084bcb1584a7ee20ff4afd5c318e544bcac32b6a3be98,"[""/catalogue_only_keys_by_family/2""]",0.1
DF-8FB0DFCFA05AF833DE6AC0C4,DATASET-USER-KLINGER-GASKETS-20260713,207581e2b2c523fdfb7720131da2dd58f9795bc2745cfef84ee596139001ce86,ART-KLINGER-CATALOGUE-2014,unsupported_key,P0,"[""Klinger Top-Chem-2003 Gasket"",""BS10 Flanges"",""Table B""]","Klinger Top-Chem-2003 Gasket: unsupported key; 29 source case(s), 29 affected supplied row(s).","Confirm flange standard, class and size against exact source evidence; do not relabel by matching diameters or assume absence from this catalogue proves invalidity.",registry/reports/klinger-softcut-comparison.json,5d00ebb2fd6bae54b95084bcb1584a7ee20ff4afd5c318e544bcac32b6a3be98,"[""/cases/305"",""/cases/306"",""/cases/307"",""/cases/308"",""/cases/309"",""/cases/310"",""/cases/311"",""/cases/312"",""/cases/313"",""/cases/314"",""/cases/315"",""/cases/316"",""/cases/317"",""/cases/318"",""/cases/319"",""/cases/320"",""/cases/321"",""/cases/322"",""/cases/323"",""/cases/324"",""/cases/325"",""/cases/326"",""/cases/327"",""/cases/328"",""/cases/329"",""/cases/330"",""/cases/331"",""/cases/332"",""/cases/333""]",0.1
DF-96FBAEA2CF7747908AF88356,DATASET-USER-PIPING-20260702,674cb646412b8f1ef538f3c6cf4e473f1f832f0b9c65b0b45aebed04e4d7e875,ART-TENARIS-CIVIL-2026,construction_conflict,P0,"[""Pipe"",""specification/manufacturing route""]","Pipe: construction conflict; 50 source case(s), 50 affected supplied row(s).","Obtain exact grade, manufacturing-route and certificate evidence; preserve the raw specification/type conflict and do not approve identity from dimensional compatibility.",registry/reports/piping-tenaris-comparison.json,980ed9d4206ee77fd3997d55805381126b53a17897ae06a5b32c41737b568190,"[""/records/0"",""/records/1"",""/records/10"",""/records/11"",""/records/12"",""/records/13"",""/records/14"",""/records/15"",""/records/16"",""/records/17"",""/records/18"",""/records/19"",""/records/2"",""/records/20"",""/records/21"",""/records/22"",""/records/23"",""/records/24"",""/records/25"",""/records/26"",""/records/27"",""/records/28"",""/records/29"",""/records/3"",""/records/30"",""/records/31"",""/records/32"",""/records/33"",""/records/34"",""/records/35"",""/records/36"",""/records/37"",""/records/38"",""/records/39"",""/records/4"",""/records/40"",""/records/41"",""/records/42"",""/records/43"",""/records/44"",""/records/45"",""/records/46"",""/records/47"",""/records/48"",""/records/49"",""/records/5"",""/records/6"",""/records/7"",""/records/8"",""/records/9""]",0.1
DF-98DFA2AEE268BC0BD826D4FD,DATASET-USER-KLINGER-GASKETS-20260713,207581e2b2c523fdfb7720131da2dd58f9795bc2745cfef84ee596139001ce86,ART-KLINGER-CATALOGUE-2014,dimension_conflict,P0,"[""Klinger Maxiflex Gasket"",""BS 10 Standard Flanges"",""Table R""]","Klinger Maxiflex Gasket: dimension conflict; 2 source case(s), 2 affected supplied row(s).","Verify the exact drawing and source edition, retain the raw value and record a separately reviewed correction; do not silently replace dimensions.",registry/reports/klinger-maxiflex-comparison.json,addd653752b6d938a8bc9045571e4973702fed9eba2ab65191a508c52dc036d7,"[""/conflicts/49"",""/conflicts/50""]",0.1
DF-98E5E34570406412A05672DD,DATASET-USER-KLINGER-GASKETS-20260713,207581e2b2c523fdfb7720131da2dd58f9795bc2745cfef84ee596139001ce86,ART-KLINGER-CATALOGUE-2014,coverage_gap,P2,"[""Klinger TSM-AS Gasket""]","Klinger TSM-AS Gasket: coverage gap; 29 source case(s), 0 affected supplied row(s).","Confirm source coverage and scope using independent evidence; an absent key does not prove an invalid part, and missing articles must not be synthesized.",registry/reports/klinger-softcut-comparison.json,5d00ebb2fd6bae54b95084bcb1584a7ee20ff4afd5c318e544bcac32b6a3be98,"[""/catalogue_only_keys_by_family/17""]",0.1
DF-9B4136C9170C1C4DFCCEFC71,DATASET-USER-PIPING-20260702,674cb646412b8f1ef538f3c6cf4e473f1f832f0b9c65b0b45aebed04e4d7e875,ART-TENARIS-CIVIL-2026,coverage_gap,P2,"[""Pipe"",""DN90""]","Pipe: coverage gap; 2 source case(s), 2 affected supplied row(s).","Confirm source coverage and scope using independent evidence; an absent key does not prove an invalid part, and missing articles must not be synthesized.",registry/reports/piping-tenaris-comparison.json,980ed9d4206ee77fd3997d55805381126b53a17897ae06a5b32c41737b568190,"[""/records/38"",""/records/39""]",0.1
DF-9C308E0D24E34398E1760E95,DATASET-USER-KLINGER-GASKETS-20260713,207581e2b2c523fdfb7720131da2dd58f9795bc2745cfef84ee596139001ce86,ART-KLINGER-CATALOGUE-2014,coverage_gap,P2,"[""Klinger C-4500 Gasket""]","Klinger C-4500 Gasket: coverage gap; 29 source case(s), 0 affected supplied row(s).","Confirm source coverage and scope using independent evidence; an absent key does not prove an invalid part, and missing articles must not be synthesized.",registry/reports/klinger-softcut-comparison.json,5d00ebb2fd6bae54b95084bcb1584a7ee20ff4afd5c318e544bcac32b6a3be98,"[""/catalogue_only_keys_by_family/6""]",0.1
DF-9CD4C34FCAD432E75A3E3C06,DATASET-USER-KLINGER-GASKETS-20260713,207581e2b2c523fdfb7720131da2dd58f9795bc2745cfef84ee596139001ce86,ART-KLINGER-CATALOGUE-2014,unsupported_key,P0,"[""Klinger PSM-AS With Eyelet Gasket"",""BS10 Flanges"",""Table B""]","Klinger PSM-AS With Eyelet Gasket: unsupported key; 29 source case(s), 29 affected supplied row(s).","Confirm flange standard, class and size against exact source evidence; do not relabel by matching diameters or assume absence from this catalogue proves invalidity.",registry/reports/klinger-softcut-comparison.json,5d00ebb2fd6bae54b95084bcb1584a7ee20ff4afd5c318e544bcac32b6a3be98,"[""/cases/305"",""/cases/306"",""/cases/307"",""/cases/308"",""/cases/309"",""/cases/310"",""/cases/311"",""/cases/312"",""/cases/313"",""/cases/314"",""/cases/315"",""/cases/316"",""/cases/317"",""/cases/318"",""/cases/319"",""/cases/320"",""/cases/321"",""/cases/322"",""/cases/323"",""/cases/324"",""/cases/325"",""/cases/326"",""/cases/327"",""/cases/328"",""/cases/329"",""/cases/330"",""/cases/331"",""/cases/332"",""/cases/333""]",0.1
DF-A0D71FA62BC495D7F4845605,DATASET-USER-KLINGER-GASKETS-20260713,207581e2b2c523fdfb7720131da2dd58f9795bc2745cfef84ee596139001ce86,ART-KLINGER-CATALOGUE-2014,coverage_gap,P2,"[""Klinger C-6307 Gasket""]","Klinger C-6307 Gasket: coverage gap; 29 source case(s), 0 affected supplied row(s).","Confirm source coverage and scope using independent evidence; an absent key does not prove an invalid part, and missing articles must not be synthesized.",registry/reports/klinger-softcut-comparison.json,5d00ebb2fd6bae54b95084bcb1584a7ee20ff4afd5c318e544bcac32b6a3be98,"[""/catalogue_only_keys_by_family/8""]",0.1
DF-A8550D9401A3E3F5F8A9CAAA,DATASET-USER-KLINGER-GASKETS-20260713,207581e2b2c523fdfb7720131da2dd58f9795bc2745cfef84ee596139001ce86,ART-KLINGER-CATALOGUE-2014,unsupported_key,P0,"[""Klinger Top-Chem-2000 Gasket"",""BS10 Flanges"",""Table B""]","Klinger Top-Chem-2000 Gasket: unsupported key; 29 source case(s), 29 affected supplied row(s).","Confirm flange standard, class and size against exact source evidence; do not relabel by matching diameters or assume absence from this catalogue proves invalidity.",registry/reports/klinger-softcut-comparison.json,5d00ebb2fd6bae54b95084bcb1584a7ee20ff4afd5c318e544bcac32b6a3be98,"[""/cases/305"",""/cases/306"",""/cases/307"",""/cases/308"",""/cases/309"",""/cases/310"",""/cases/311"",""/cases/312"",""/cases/313"",""/cases/314"",""/cases/315"",""/cases/316"",""/cases/317"",""/cases/318"",""/cases/319"",""/cases/320"",""/cases/321"",""/cases/322"",""/cases/323"",""/cases/324"",""/cases/325"",""/cases/326"",""/cases/327"",""/cases/328"",""/cases/329"",""/cases/330"",""/cases/331"",""/cases/332"",""/cases/333""]",0.1
DF-A8C28CC35D47189509A6C3CB,DATASET-USER-KLINGER-GASKETS-20260713,207581e2b2c523fdfb7720131da2dd58f9795bc2745cfef84ee596139001ce86,ART-KLINGER-CATALOGUE-2014,unsupported_key,P0,"[""Klinger Top-sil-ML1 Gasket"",""ASME B16.21 Flanges"",""Table B""]","Klinger Top-sil-ML1 Gasket: unsupported key; 29 source case(s), 29 affected supplied row(s).","Confirm flange standard, class and size against exact source evidence; do not relabel by matching diameters or assume absence from this catalogue proves invalidity.",registry/reports/klinger-softcut-comparison.json,5d00ebb2fd6bae54b95084bcb1584a7ee20ff4afd5c318e544bcac32b6a3be98,"[""/cases/499"",""/cases/500"",""/cases/501"",""/cases/502"",""/cases/503"",""/cases/504"",""/cases/505"",""/cases/506"",""/cases/507"",""/cases/508"",""/cases/509"",""/cases/510"",""/cases/511"",""/cases/512"",""/cases/513"",""/cases/514"",""/cases/515"",""/cases/516"",""/cases/517"",""/cases/518"",""/cases/519"",""/cases/520"",""/cases/521"",""/cases/522"",""/cases/523"",""/cases/524"",""/cases/525"",""/cases/526"",""/cases/527""]",0.1
DF-AC00E273B925F0F061821EFA,DATASET-USER-KLINGER-GASKETS-20260713,207581e2b2c523fdfb7720131da2dd58f9795bc2745cfef84ee596139001ce86,ART-KLINGER-CATALOGUE-2014,unsupported_key,P0,"[""Klinger Top-Chem-2006 Gasket"",""BS10 Flanges"",""Table B""]","Klinger Top-Chem-2006 Gasket: unsupported key; 29 source case(s), 29 affected supplied row(s).","Confirm flange standard, class and size against exact source evidence; do not relabel by matching diameters or assume absence from this catalogue proves invalidity.",registry/reports/klinger-softcut-comparison.json,5d00ebb2fd6bae54b95084bcb1584a7ee20ff4afd5c318e544bcac32b6a3be98,"[""/cases/305"",""/cases/306"",""/cases/307"",""/cases/308"",""/cases/309"",""/cases/310"",""/cases/311"",""/cases/312"",""/cases/313"",""/cases/314"",""/cases/315"",""/cases/316"",""/cases/317"",""/cases/318"",""/cases/319"",""/cases/320"",""/cases/321"",""/cases/322"",""/cases/323"",""/cases/324"",""/cases/325"",""/cases/326"",""/cases/327"",""/cases/328"",""/cases/329"",""/cases/330"",""/cases/331"",""/cases/332"",""/cases/333""]",0.1
DF-AD75BC81DEB7E4B7449B6C9C,DATASET-USER-KLINGER-GASKETS-20260713,207581e2b2c523fdfb7720131da2dd58f9795bc2745cfef84ee596139001ce86,ART-KLINGER-CATALOGUE-2014,unsupported_key,P0,"[""Klinger C-4500 Gasket"",""BS10 Flanges"",""Table B""]","Klinger C-4500 Gasket: unsupported key; 29 source case(s), 29 affected supplied row(s).","Confirm flange standard, class and size against exact source evidence; do not relabel by matching diameters or assume absence from this catalogue proves invalidity.",registry/reports/klinger-softcut-comparison.json,5d00ebb2fd6bae54b95084bcb1584a7ee20ff4afd5c318e544bcac32b6a3be98,"[""/cases/305"",""/cases/306"",""/cases/307"",""/cases/308"",""/cases/309"",""/cases/310"",""/cases/311"",""/cases/312"",""/cases/313"",""/cases/314"",""/cases/315"",""/cases/316"",""/cases/317"",""/cases/318"",""/cases/319"",""/cases/320"",""/cases/321"",""/cases/322"",""/cases/323"",""/cases/324"",""/cases/325"",""/cases/326"",""/cases/327"",""/cases/328"",""/cases/329"",""/cases/330"",""/cases/331"",""/cases/332"",""/cases/333""]",0.1
DF-ADB87057F20D1B2A36DB03C1,DATASET-USER-KLINGER-GASKETS-20260713,207581e2b2c523fdfb7720131da2dd58f9795bc2745cfef84ee596139001ce86,ART-KLINGER-CATALOGUE-2014,duplicate_key,P0,"[""Klinger Envelope Gasket"",""ASME B16.21 Flanges"",""Class 300"",""1/2""]","Klinger Envelope Gasket: duplicate key; 1 source case(s), 2 affected supplied row(s).",Determine the intended article and missing class/size assignment; retain both raw records until the duplicate is independently resolved.,registry/reports/klinger-softcut-comparison.json,5d00ebb2fd6bae54b95084bcb1584a7ee20ff4afd5c318e544bcac32b6a3be98,"[""/duplicates/0""]",0.1
DF-ADF778809D7B1D6A75F39C15,DATASET-USER-KLINGER-GASKETS-20260713,207581e2b2c523fdfb7720131da2dd58f9795bc2745cfef84ee596139001ce86,ART-KLINGER-CATALOGUE-2014,unsupported_key,P0,"[""Klinger Envelope Gasket"",""BS10 Flanges"",""Table B""]","Klinger Envelope Gasket: unsupported key; 29 source case(s), 29 affected supplied row(s).","Confirm flange standard, class and size against exact source evidence; do not relabel by matching diameters or assume absence from this catalogue proves invalidity.",registry/reports/klinger-softcut-comparison.json,5d00ebb2fd6bae54b95084bcb1584a7ee20ff4afd5c318e544bcac32b6a3be98,"[""/cases/305"",""/cases/306"",""/cases/307"",""/cases/308"",""/cases/309"",""/cases/310"",""/cases/311"",""/cases/312"",""/cases/313"",""/cases/314"",""/cases/315"",""/cases/316"",""/cases/317"",""/cases/318"",""/cases/319"",""/cases/320"",""/cases/321"",""/cases/322"",""/cases/323"",""/cases/324"",""/cases/325"",""/cases/326"",""/cases/327"",""/cases/328"",""/cases/329"",""/cases/330"",""/cases/331"",""/cases/332"",""/cases/333""]",0.1
DF-AE421C0CA322BAE10305FA52,DATASET-USER-KLINGER-GASKETS-20260713,207581e2b2c523fdfb7720131da2dd58f9795bc2745cfef84ee596139001ce86,ART-KLINGER-CATALOGUE-2014,unsupported_key,P0,"[""Klinger Soft-Chem Gasket"",""BS10 Flanges"",""Table B""]","Klinger Soft-Chem Gasket: unsupported key; 29 source case(s), 29 affected supplied row(s).","Confirm flange standard, class and size against exact source evidence; do not relabel by matching diameters or assume absence from this catalogue proves invalidity.",registry/reports/klinger-softcut-comparison.json,5d00ebb2fd6bae54b95084bcb1584a7ee20ff4afd5c318e544bcac32b6a3be98,"[""/cases/305"",""/cases/306"",""/cases/307"",""/cases/308"",""/cases/309"",""/cases/310"",""/cases/311"",""/cases/312"",""/cases/313"",""/cases/314"",""/cases/315"",""/cases/316"",""/cases/317"",""/cases/318"",""/cases/319"",""/cases/320"",""/cases/321"",""/cases/322"",""/cases/323"",""/cases/324"",""/cases/325"",""/cases/326"",""/cases/327"",""/cases/328"",""/cases/329"",""/cases/330"",""/cases/331"",""/cases/332"",""/cases/333""]",0.1
DF-BB2409F2810A6FD3DF6A325D,DATASET-USER-KLINGER-GASKETS-20260713,207581e2b2c523fdfb7720131da2dd58f9795bc2745cfef84ee596139001ce86,ART-KLINGER-CATALOGUE-2014,unsupported_key,P0,"[""Klinger TSM-AS Gasket"",""BS10 Flanges"",""Table B""]","Klinger TSM-AS Gasket: unsupported key; 29 source case(s), 29 affected supplied row(s).","Confirm flange standard, class and size against exact source evidence; do not relabel by matching diameters or assume absence from this catalogue proves invalidity.",registry/reports/klinger-softcut-comparison.json,5d00ebb2fd6bae54b95084bcb1584a7ee20ff4afd5c318e544bcac32b6a3be98,"[""/cases/305"",""/cases/306"",""/cases/307"",""/cases/308"",""/cases/309"",""/cases/310"",""/cases/311"",""/cases/312"",""/cases/313"",""/cases/314"",""/cases/315"",""/cases/316"",""/cases/317"",""/cases/318"",""/cases/319"",""/cases/320"",""/cases/321"",""/cases/322"",""/cases/323"",""/cases/324"",""/cases/325"",""/cases/326"",""/cases/327"",""/cases/328"",""/cases/329"",""/cases/330"",""/cases/331"",""/cases/332"",""/cases/333""]",0.1
DF-BD46CDB98A3882E5DE945DB1,DATASET-USER-KLINGER-GASKETS-20260713,207581e2b2c523fdfb7720131da2dd58f9795bc2745cfef84ee596139001ce86,ART-KLINGER-CATALOGUE-2014,unsupported_key,P0,"[""Klinger C-4324 Gasket"",""BS10 Flanges"",""Table B""]","Klinger C-4324 Gasket: unsupported key; 29 source case(s), 29 affected supplied row(s).","Confirm flange standard, class and size against exact source evidence; do not relabel by matching diameters or assume absence from this catalogue proves invalidity.",registry/reports/klinger-softcut-comparison.json,5d00ebb2fd6bae54b95084bcb1584a7ee20ff4afd5c318e544bcac32b6a3be98,"[""/cases/305"",""/cases/306"",""/cases/307"",""/cases/308"",""/cases/309"",""/cases/310"",""/cases/311"",""/cases/312"",""/cases/313"",""/cases/314"",""/cases/315"",""/cases/316"",""/cases/317"",""/cases/318"",""/cases/319"",""/cases/320"",""/cases/321"",""/cases/322"",""/cases/323"",""/cases/324"",""/cases/325"",""/cases/326"",""/cases/327"",""/cases/328"",""/cases/329"",""/cases/330"",""/cases/331"",""/cases/332"",""/cases/333""]",0.1
DF-C8B3689878A6A2912BEC1AB3,DATASET-USER-KLINGER-GASKETS-20260713,207581e2b2c523fdfb7720131da2dd58f9795bc2745cfef84ee596139001ce86,ART-KLINGER-CATALOGUE-2014,coverage_gap,P2,"[""Klinger C-4430 Gasket""]","Klinger C-4430 Gasket: coverage gap; 29 source case(s), 0 affected supplied row(s).","Confirm source coverage and scope using independent evidence; an absent key does not prove an invalid part, and missing articles must not be synthesized.",registry/reports/klinger-softcut-comparison.json,5d00ebb2fd6bae54b95084bcb1584a7ee20ff4afd5c318e544bcac32b6a3be98,"[""/catalogue_only_keys_by_family/4""]",0.1
DF-CB17C7788AE6B6E1229A4D1F,DATASET-USER-KLINGER-GASKETS-20260713,207581e2b2c523fdfb7720131da2dd58f9795bc2745cfef84ee596139001ce86,ART-KLINGER-CATALOGUE-2014,coverage_gap,P2,"[""Klinger SLS-AS Gasket""]","Klinger SLS-AS Gasket: coverage gap; 29 source case(s), 0 affected supplied row(s).","Confirm source coverage and scope using independent evidence; an absent key does not prove an invalid part, and missing articles must not be synthesized.",registry/reports/klinger-softcut-comparison.json,5d00ebb2fd6bae54b95084bcb1584a7ee20ff4afd5c318e544bcac32b6a3be98,"[""/catalogue_only_keys_by_family/14""]",0.1
DF-D4371B60C2F1A63097E82D36,DATASET-USER-KLINGER-GASKETS-20260713,207581e2b2c523fdfb7720131da2dd58f9795bc2745cfef84ee596139001ce86,ART-KLINGER-CATALOGUE-2014,unsupported_key,P0,"[""Klinger C-8200 Gasket"",""BS10 Flanges"",""Table B""]","Klinger C-8200 Gasket: unsupported key; 29 source case(s), 29 affected supplied row(s).","Confirm flange standard, class and size against exact source evidence; do not relabel by matching diameters or assume absence from this catalogue proves invalidity.",registry/reports/klinger-softcut-comparison.json,5d00ebb2fd6bae54b95084bcb1584a7ee20ff4afd5c318e544bcac32b6a3be98,"[""/cases/305"",""/cases/306"",""/cases/307"",""/cases/308"",""/cases/309"",""/cases/310"",""/cases/311"",""/cases/312"",""/cases/313"",""/cases/314"",""/cases/315"",""/cases/316"",""/cases/317"",""/cases/318"",""/cases/319"",""/cases/320"",""/cases/321"",""/cases/322"",""/cases/323"",""/cases/324"",""/cases/325"",""/cases/326"",""/cases/327"",""/cases/328"",""/cases/329"",""/cases/330"",""/cases/331"",""/cases/332"",""/cases/333""]",0.1
DF-DB25115C19D63897647468DC,DATASET-USER-KLINGER-GASKETS-20260713,207581e2b2c523fdfb7720131da2dd58f9795bc2745cfef84ee596139001ce86,ART-KLINGER-CATALOGUE-2014,coverage_gap,P2,"[""Klinger Top-Chem-2003 Gasket""]","Klinger Top-Chem-2003 Gasket: coverage gap; 29 source case(s), 0 affected supplied row(s).","Confirm source coverage and scope using independent evidence; an absent key does not prove an invalid part, and missing articles must not be synthesized.",registry/reports/klinger-softcut-comparison.json,5d00ebb2fd6bae54b95084bcb1584a7ee20ff4afd5c318e544bcac32b6a3be98,"[""/catalogue_only_keys_by_family/19""]",0.1
DF-DC8C471C8C0F965D7E56EB66,DATASET-USER-PIPING-20260702,674cb646412b8f1ef538f3c6cf4e473f1f832f0b9c65b0b45aebed04e4d7e875,ART-TENARIS-CIVIL-2026,coverage_gap,P2,"[""Pipe"",""DN6""]","Pipe: coverage gap; 2 source case(s), 2 affected supplied row(s).","Confirm source coverage and scope using independent evidence; an absent key does not prove an invalid part, and missing articles must not be synthesized.",registry/reports/piping-tenaris-comparison.json,980ed9d4206ee77fd3997d55805381126b53a17897ae06a5b32c41737b568190,"[""/records/0"",""/records/1""]",0.1
DF-E9B52FBBB7B82A5C5E630E8E,DATASET-USER-KLINGER-GASKETS-20260713,207581e2b2c523fdfb7720131da2dd58f9795bc2745cfef84ee596139001ce86,ART-KLINGER-CATALOGUE-2014,unsupported_key,P0,"[""Klinger Top-Chem-2005 Gasket"",""BS10 Flanges"",""Table B""]","Klinger Top-Chem-2005 Gasket: unsupported key; 29 source case(s), 29 affected supplied row(s).","Confirm flange standard, class and size against exact source evidence; do not relabel by matching diameters or assume absence from this catalogue proves invalidity.",registry/reports/klinger-softcut-comparison.json,5d00ebb2fd6bae54b95084bcb1584a7ee20ff4afd5c318e544bcac32b6a3be98,"[""/cases/305"",""/cases/306"",""/cases/307"",""/cases/308"",""/cases/309"",""/cases/310"",""/cases/311"",""/cases/312"",""/cases/313"",""/cases/314"",""/cases/315"",""/cases/316"",""/cases/317"",""/cases/318"",""/cases/319"",""/cases/320"",""/cases/321"",""/cases/322"",""/cases/323"",""/cases/324"",""/cases/325"",""/cases/326"",""/cases/327"",""/cases/328"",""/cases/329"",""/cases/330"",""/cases/331"",""/cases/332"",""/cases/333""]",0.1
DF-EA062F99D4B7986229CC7877,DATASET-USER-KLINGER-GASKETS-20260713,207581e2b2c523fdfb7720131da2dd58f9795bc2745cfef84ee596139001ce86,ART-KLINGER-CATALOGUE-2014,unsupported_key,P0,"[""Klinger SLS-AS Gasket"",""BS10 Flanges"",""Table B""]","Klinger SLS-AS Gasket: unsupported key; 29 source case(s), 29 affected supplied row(s).","Confirm flange standard, class and size against exact source evidence; do not relabel by matching diameters or assume absence from this catalogue proves invalidity.",registry/reports/klinger-softcut-comparison.json,5d00ebb2fd6bae54b95084bcb1584a7ee20ff4afd5c318e544bcac32b6a3be98,"[""/cases/305"",""/cases/306"",""/cases/307"",""/cases/308"",""/cases/309"",""/cases/310"",""/cases/311"",""/cases/312"",""/cases/313"",""/cases/314"",""/cases/315"",""/cases/316"",""/cases/317"",""/cases/318"",""/cases/319"",""/cases/320"",""/cases/321"",""/cases/322"",""/cases/323"",""/cases/324"",""/cases/325"",""/cases/326"",""/cases/327"",""/cases/328"",""/cases/329"",""/cases/330"",""/cases/331"",""/cases/332"",""/cases/333""]",0.1
DF-EF153A59F4A522CC56E5DC53,DATASET-USER-KLINGER-GASKETS-20260713,207581e2b2c523fdfb7720131da2dd58f9795bc2745cfef84ee596139001ce86,ART-KLINGER-CATALOGUE-2014,coverage_gap,P2,"[""Klinger C-4400 Gasket""]","Klinger C-4400 Gasket: coverage gap; 29 source case(s), 0 affected supplied row(s).","Confirm source coverage and scope using independent evidence; an absent key does not prove an invalid part, and missing articles must not be synthesized.",registry/reports/klinger-softcut-comparison.json,5d00ebb2fd6bae54b95084bcb1584a7ee20ff4afd5c318e544bcac32b6a3be98,"[""/catalogue_only_keys_by_family/3""]",0.1
DF-EF1C18E665FC112F4E72109A,DATASET-USER-PIPING-20260702,674cb646412b8f1ef538f3c6cf4e473f1f832f0b9c65b0b45aebed04e4d7e875,ART-TENARIS-CIVIL-2026,coverage_gap,P2,"[""Pipe"",""DN8""]","Pipe: coverage gap; 2 source case(s), 2 affected supplied row(s).","Confirm source coverage and scope using independent evidence; an absent key does not prove an invalid part, and missing articles must not be synthesized.",registry/reports/piping-tenaris-comparison.json,980ed9d4206ee77fd3997d55805381126b53a17897ae06a5b32c41737b568190,"[""/records/2"",""/records/3""]",0.1
DF-F042C23095BEAD07379218EB,DATASET-USER-KLINGER-GASKETS-20260713,207581e2b2c523fdfb7720131da2dd58f9795bc2745cfef84ee596139001ce86,ART-KLINGER-CATALOGUE-2014,dimension_conflict,P0,"[""Klinger Maxiflex Gasket"",""DIN Standard Flanges"",""PN16""]","Klinger Maxiflex Gasket: dimension conflict; 16 source case(s), 16 affected supplied row(s).","Verify the exact drawing and source edition, retain the raw value and record a separately reviewed correction; do not silently replace dimensions.",registry/reports/klinger-maxiflex-comparison.json,addd653752b6d938a8bc9045571e4973702fed9eba2ab65191a508c52dc036d7,"[""/conflicts/0"",""/conflicts/1"",""/conflicts/10"",""/conflicts/11"",""/conflicts/12"",""/conflicts/13"",""/conflicts/14"",""/conflicts/15"",""/conflicts/2"",""/conflicts/3"",""/conflicts/4"",""/conflicts/5"",""/conflicts/6"",""/conflicts/7"",""/conflicts/8"",""/conflicts/9""]",0.1
DF-F0B89D59DBCB0230149BA36F,DATASET-USER-KLINGER-GASKETS-20260713,207581e2b2c523fdfb7720131da2dd58f9795bc2745cfef84ee596139001ce86,ART-KLINGER-CATALOGUE-2014,unsupported_key,P0,"[""Klinger Soft-Chem Gasket"",""Table E"",""BS10 Flanges""]","Klinger Soft-Chem Gasket: unsupported key; 29 source case(s), 29 affected supplied row(s).","Confirm flange standard, class and size against exact source evidence; do not relabel by matching diameters or assume absence from this catalogue proves invalidity.",registry/reports/klinger-softcut-comparison.json,5d00ebb2fd6bae54b95084bcb1584a7ee20ff4afd5c318e544bcac32b6a3be98,"[""/cases/693"",""/cases/694"",""/cases/695"",""/cases/696"",""/cases/697"",""/cases/698"",""/cases/699"",""/cases/700"",""/cases/701"",""/cases/702"",""/cases/703"",""/cases/704"",""/cases/705"",""/cases/706"",""/cases/707"",""/cases/708"",""/cases/709"",""/cases/710"",""/cases/711"",""/cases/712"",""/cases/713"",""/cases/714"",""/cases/715"",""/cases/716"",""/cases/717"",""/cases/718"",""/cases/719"",""/cases/720"",""/cases/721""]",0.1
DF-F87291088CB9ACA8D3C17383,DATASET-USER-KLINGER-GASKETS-20260713,207581e2b2c523fdfb7720131da2dd58f9795bc2745cfef84ee596139001ce86,ART-KLINGER-CATALOGUE-2014,unsupported_key,P0,"[""Klinger Sealex Gasket"",""BS10 Flanges"",""Table B""]","Klinger Sealex Gasket: unsupported key; 29 source case(s), 29 affected supplied row(s).","Confirm flange standard, class and size against exact source evidence; do not relabel by matching diameters or assume absence from this catalogue proves invalidity.",registry/reports/klinger-softcut-comparison.json,5d00ebb2fd6bae54b95084bcb1584a7ee20ff4afd5c318e544bcac32b6a3be98,"[""/cases/305"",""/cases/306"",""/cases/307"",""/cases/308"",""/cases/309"",""/cases/310"",""/cases/311"",""/cases/312"",""/cases/313"",""/cases/314"",""/cases/315"",""/cases/316"",""/cases/317"",""/cases/318"",""/cases/319"",""/cases/320"",""/cases/321"",""/cases/322"",""/cases/323"",""/cases/324"",""/cases/325"",""/cases/326"",""/cases/327"",""/cases/328"",""/cases/329"",""/cases/330"",""/cases/331"",""/cases/332"",""/cases/333""]",0.1
DF-F9FE4168870370C7C632BFA3,DATASET-USER-KLINGER-GASKETS-20260713,207581e2b2c523fdfb7720131da2dd58f9795bc2745cfef84ee596139001ce86,ART-KLINGER-CATALOGUE-2014,coverage_gap,P2,"[""Klinger C-4430+ Gasket""]","Klinger C-4430+ Gasket: coverage gap; 29 source case(s), 0 affected supplied row(s).","Confirm source coverage and scope using independent evidence; an absent key does not prove an invalid part, and missing articles must not be synthesized.",registry/reports/klinger-softcut-comparison.json,5d00ebb2fd6bae54b95084bcb1584a7ee20ff4afd5c318e544bcac32b6a3be98,"[""/catalogue_only_keys_by_family/5""]",0.1
DF-FFCD6AE7E6984EAB7046826B,DATASET-USER-KLINGER-GASKETS-20260713,207581e2b2c523fdfb7720131da2dd58f9795bc2745cfef84ee596139001ce86,ART-KLINGER-CATALOGUE-2014,unsupported_key,P0,"[""Klinger C-4430+ Gasket"",""BS10 Flanges"",""Table B""]","Klinger C-4430+ Gasket: unsupported key; 29 source case(s), 29 affected supplied row(s).","Confirm flange standard, class and size against exact source evidence; do not relabel by matching diameters or assume absence from this catalogue proves invalidity.",registry/reports/klinger-softcut-comparison.json,5d00ebb2fd6bae54b95084bcb1584a7ee20ff4afd5c318e544bcac32b6a3be98,"[""/cases/305"",""/cases/306"",""/cases/307"",""/cases/308"",""/cases/309"",""/cases/310"",""/cases/311"",""/cases/312"",""/cases/313"",""/cases/314"",""/cases/315"",""/cases/316"",""/cases/317"",""/cases/318"",""/cases/319"",""/cases/320"",""/cases/321"",""/cases/322"",""/cases/323"",""/cases/324"",""/cases/325"",""/cases/326"",""/cases/327"",""/cases/328"",""/cases/329"",""/cases/330"",""/cases/331"",""/cases/332"",""/cases/333""]",0.1
