finding_id,csv_line
DF-046ECE1E9648CF4D79F310BF,1775
DF-046ECE1E9648CF4D79F310BF,1776
DF-046ECE1E9648CF4D79F310BF,1777
DF-046ECE1E9648CF4D79F310BF,1778
DF-046ECE1E9648CF4D79F310BF,1779
DF-046ECE1E9648CF4D79F310BF,1780
DF-046ECE1E9648CF4D79F310BF,1781
DF-046ECE1E9648CF4D79F310BF,1782
DF-046ECE1E9648CF4D79F310BF,1783
DF-046ECE1E9648CF4D79F310BF,1784
DF-046ECE1E9648CF4D79F310BF,1785
DF-046ECE1E9648CF4D79F310BF,1786
DF-046ECE1E9648CF4D79F310BF,1787
DF-046ECE1E9648CF4D79F310BF,1788
DF-046ECE1E9648CF4D79F310BF,1789
DF-046ECE1E9648CF4D79F310BF,1790
DF-046ECE1E9648CF4D79F310BF,1791
DF-046ECE1E9648CF4D79F310BF,1792
DF-046ECE1E9648CF4D79F310BF,1793
DF-046ECE1E9648CF4D79F310BF,1794
DF-046ECE1E9648CF4D79F310BF,1795
DF-046ECE1E9648CF4D79F310BF,1796
DF-046ECE1E9648CF4D79F310BF,1797
DF-046ECE1E9648CF4D79F310BF,1798
DF-046ECE1E9648CF4D79F310BF,1799
DF-046ECE1E9648CF4D79F310BF,1800
DF-046ECE1E9648CF4D79F310BF,1801
DF-046ECE1E9648CF4D79F310BF,1802
DF-046ECE1E9648CF4D79F310BF,1803
DF-04E27C083455A1852DEA9AB1,8767
DF-04E27C083455A1852DEA9AB1,8768
DF-04E27C083455A1852DEA9AB1,8769
DF-04E27C083455A1852DEA9AB1,8770
DF-04E27C083455A1852DEA9AB1,8771
DF-04E27C083455A1852DEA9AB1,8772
DF-04E27C083455A1852DEA9AB1,8773
DF-04E27C083455A1852DEA9AB1,8774
DF-04E27C083455A1852DEA9AB1,8775
DF-04E27C083455A1852DEA9AB1,8776
DF-04E27C083455A1852DEA9AB1,8777
DF-04E27C083455A1852DEA9AB1,8778
DF-04E27C083455A1852DEA9AB1,8779
DF-04E27C083455A1852DEA9AB1,8780
DF-04E27C083455A1852DEA9AB1,8781
DF-04E27C083455A1852DEA9AB1,8782
DF-04E27C083455A1852DEA9AB1,8783
DF-04E27C083455A1852DEA9AB1,8784
DF-04E27C083455A1852DEA9AB1,8785
DF-04E27C083455A1852DEA9AB1,8786
DF-04E27C083455A1852DEA9AB1,8787
DF-04E27C083455A1852DEA9AB1,8788
DF-04E27C083455A1852DEA9AB1,8789
DF-04E27C083455A1852DEA9AB1,8790
DF-04E27C083455A1852DEA9AB1,8791
DF-04E27C083455A1852DEA9AB1,8792
DF-04E27C083455A1852DEA9AB1,8793
DF-04E27C083455A1852DEA9AB1,8794
DF-04E27C083455A1852DEA9AB1,8795
DF-070E67A4DADB91801985D7AF,5889
DF-070E67A4DADB91801985D7AF,5890
DF-070E67A4DADB91801985D7AF,5891
DF-070E67A4DADB91801985D7AF,5892
DF-070E67A4DADB91801985D7AF,5893
DF-070E67A4DADB91801985D7AF,5894
DF-070E67A4DADB91801985D7AF,5895
DF-070E67A4DADB91801985D7AF,5896
DF-070E67A4DADB91801985D7AF,5897
DF-070E67A4DADB91801985D7AF,5898
DF-070E67A4DADB91801985D7AF,5899
DF-070E67A4DADB91801985D7AF,5900
DF-070E67A4DADB91801985D7AF,5901
DF-070E67A4DADB91801985D7AF,5902
DF-070E67A4DADB91801985D7AF,5903
DF-070E67A4DADB91801985D7AF,5904
DF-070E67A4DADB91801985D7AF,5905
DF-070E67A4DADB91801985D7AF,5906
DF-070E67A4DADB91801985D7AF,5907
DF-070E67A4DADB91801985D7AF,5908
DF-070E67A4DADB91801985D7AF,5909
DF-070E67A4DADB91801985D7AF,5910
DF-070E67A4DADB91801985D7AF,5911
DF-070E67A4DADB91801985D7AF,5912
DF-070E67A4DADB91801985D7AF,5913
DF-070E67A4DADB91801985D7AF,5914
DF-070E67A4DADB91801985D7AF,5915
DF-070E67A4DADB91801985D7AF,5916
DF-070E67A4DADB91801985D7AF,5917
DF-08432116A652189F09D7801A,1804
DF-08432116A652189F09D7801A,1805
DF-08432116A652189F09D7801A,1806
DF-08432116A652189F09D7801A,1807
DF-08432116A652189F09D7801A,1808
DF-08432116A652189F09D7801A,1809
DF-08432116A652189F09D7801A,1810
DF-08432116A652189F09D7801A,1811
DF-08432116A652189F09D7801A,1812
DF-08432116A652189F09D7801A,1813
DF-08432116A652189F09D7801A,1814
DF-08432116A652189F09D7801A,1815
DF-08432116A652189F09D7801A,1816
DF-08432116A652189F09D7801A,1817
DF-08432116A652189F09D7801A,1818
DF-08432116A652189F09D7801A,1819
DF-08432116A652189F09D7801A,1820
DF-08432116A652189F09D7801A,1821
DF-08432116A652189F09D7801A,1822
DF-08432116A652189F09D7801A,1823
DF-0BED188F9BDBC1509A207DC9,6359
DF-0BED188F9BDBC1509A207DC9,6360
DF-0BED188F9BDBC1509A207DC9,6361
DF-0BED188F9BDBC1509A207DC9,6362
DF-0BED188F9BDBC1509A207DC9,6363
DF-0BED188F9BDBC1509A207DC9,6364
DF-0BED188F9BDBC1509A207DC9,6365
DF-0BED188F9BDBC1509A207DC9,6366
DF-0BED188F9BDBC1509A207DC9,6367
DF-0BED188F9BDBC1509A207DC9,6368
DF-0BED188F9BDBC1509A207DC9,6369
DF-0BED188F9BDBC1509A207DC9,6370
DF-0BED188F9BDBC1509A207DC9,6371
DF-0BED188F9BDBC1509A207DC9,6372
DF-0BED188F9BDBC1509A207DC9,6373
DF-0BED188F9BDBC1509A207DC9,6374
DF-0BED188F9BDBC1509A207DC9,6375
DF-0BED188F9BDBC1509A207DC9,6376
DF-0BED188F9BDBC1509A207DC9,6377
DF-0BED188F9BDBC1509A207DC9,6378
DF-0BED188F9BDBC1509A207DC9,6379
DF-0BED188F9BDBC1509A207DC9,6380
DF-0BED188F9BDBC1509A207DC9,6381
DF-0BED188F9BDBC1509A207DC9,6382
DF-0BED188F9BDBC1509A207DC9,6383
DF-0BED188F9BDBC1509A207DC9,6384
DF-0BED188F9BDBC1509A207DC9,6385
DF-0BED188F9BDBC1509A207DC9,6386
DF-0BED188F9BDBC1509A207DC9,6387
DF-13370092076ECE8BA9B225D6,7769
DF-13370092076ECE8BA9B225D6,7770
DF-13370092076ECE8BA9B225D6,7771
DF-13370092076ECE8BA9B225D6,7772
DF-13370092076ECE8BA9B225D6,7773
DF-13370092076ECE8BA9B225D6,7774
DF-13370092076ECE8BA9B225D6,7775
DF-13370092076ECE8BA9B225D6,7776
DF-13370092076ECE8BA9B225D6,7777
DF-13370092076ECE8BA9B225D6,7778
DF-13370092076ECE8BA9B225D6,7779
DF-13370092076ECE8BA9B225D6,7780
DF-13370092076ECE8BA9B225D6,7781
DF-13370092076ECE8BA9B225D6,7782
DF-13370092076ECE8BA9B225D6,7783
DF-13370092076ECE8BA9B225D6,7784
DF-13370092076ECE8BA9B225D6,7785
DF-13370092076ECE8BA9B225D6,7786
DF-13370092076ECE8BA9B225D6,7787
DF-13370092076ECE8BA9B225D6,7788
DF-13370092076ECE8BA9B225D6,7789
DF-13370092076ECE8BA9B225D6,7790
DF-13370092076ECE8BA9B225D6,7791
DF-13370092076ECE8BA9B225D6,7792
DF-13370092076ECE8BA9B225D6,7793
DF-13370092076ECE8BA9B225D6,7794
DF-13370092076ECE8BA9B225D6,7795
DF-13370092076ECE8BA9B225D6,7796
DF-13370092076ECE8BA9B225D6,7797
DF-1B96BBFA017378298EC8F4D8,1630
DF-1B96BBFA017378298EC8F4D8,1631
DF-1B96BBFA017378298EC8F4D8,1632
DF-1B96BBFA017378298EC8F4D8,1633
DF-1B96BBFA017378298EC8F4D8,1634
DF-1B96BBFA017378298EC8F4D8,1635
DF-1B96BBFA017378298EC8F4D8,1636
DF-1B96BBFA017378298EC8F4D8,1637
DF-1B96BBFA017378298EC8F4D8,1638
DF-1B96BBFA017378298EC8F4D8,1639
DF-1B96BBFA017378298EC8F4D8,1640
DF-1B96BBFA017378298EC8F4D8,1641
DF-1B96BBFA017378298EC8F4D8,1642
DF-1B96BBFA017378298EC8F4D8,1643
DF-1B96BBFA017378298EC8F4D8,1644
DF-1B96BBFA017378298EC8F4D8,1645
DF-1B96BBFA017378298EC8F4D8,1646
DF-1B96BBFA017378298EC8F4D8,1647
DF-1B96BBFA017378298EC8F4D8,1648
DF-1B96BBFA017378298EC8F4D8,1649
DF-1B96BBFA017378298EC8F4D8,1650
DF-1B96BBFA017378298EC8F4D8,1651
DF-1B96BBFA017378298EC8F4D8,1652
DF-1B96BBFA017378298EC8F4D8,1653
DF-1B96BBFA017378298EC8F4D8,1654
DF-1B96BBFA017378298EC8F4D8,1655
DF-1B96BBFA017378298EC8F4D8,1656
DF-1B96BBFA017378298EC8F4D8,1657
DF-1B96BBFA017378298EC8F4D8,1658
DF-1F9D120DF1A8D4602D2E822C,2129
DF-1F9D120DF1A8D4602D2E822C,2130
DF-1F9D120DF1A8D4602D2E822C,2131
DF-1F9D120DF1A8D4602D2E822C,2132
DF-1F9D120DF1A8D4602D2E822C,2133
DF-1F9D120DF1A8D4602D2E822C,2134
DF-1F9D120DF1A8D4602D2E822C,2135
DF-1F9D120DF1A8D4602D2E822C,2136
DF-1F9D120DF1A8D4602D2E822C,2137
DF-1F9D120DF1A8D4602D2E822C,2138
DF-1F9D120DF1A8D4602D2E822C,2139
DF-1F9D120DF1A8D4602D2E822C,2140
DF-1F9D120DF1A8D4602D2E822C,2141
DF-1F9D120DF1A8D4602D2E822C,2142
DF-1F9D120DF1A8D4602D2E822C,2143
DF-1F9D120DF1A8D4602D2E822C,2144
DF-1F9D120DF1A8D4602D2E822C,2145
DF-1F9D120DF1A8D4602D2E822C,2146
DF-1F9D120DF1A8D4602D2E822C,2147
DF-1F9D120DF1A8D4602D2E822C,2148
DF-1F9D120DF1A8D4602D2E822C,2149
DF-1F9D120DF1A8D4602D2E822C,2150
DF-1F9D120DF1A8D4602D2E822C,2151
DF-1F9D120DF1A8D4602D2E822C,2152
DF-1F9D120DF1A8D4602D2E822C,2153
DF-1F9D120DF1A8D4602D2E822C,2154
DF-1F9D120DF1A8D4602D2E822C,2155
DF-1F9D120DF1A8D4602D2E822C,2156
DF-1F9D120DF1A8D4602D2E822C,2157
DF-2E94148FA582D3DCC0FC72BD,6829
DF-2E94148FA582D3DCC0FC72BD,6830
DF-2E94148FA582D3DCC0FC72BD,6831
DF-2E94148FA582D3DCC0FC72BD,6832
DF-2E94148FA582D3DCC0FC72BD,6833
DF-2E94148FA582D3DCC0FC72BD,6834
DF-2E94148FA582D3DCC0FC72BD,6835
DF-2E94148FA582D3DCC0FC72BD,6836
DF-2E94148FA582D3DCC0FC72BD,6837
DF-2E94148FA582D3DCC0FC72BD,6838
DF-2E94148FA582D3DCC0FC72BD,6839
DF-2E94148FA582D3DCC0FC72BD,6840
DF-2E94148FA582D3DCC0FC72BD,6841
DF-2E94148FA582D3DCC0FC72BD,6842
DF-2E94148FA582D3DCC0FC72BD,6843
DF-2E94148FA582D3DCC0FC72BD,6844
DF-2E94148FA582D3DCC0FC72BD,6845
DF-2E94148FA582D3DCC0FC72BD,6846
DF-2E94148FA582D3DCC0FC72BD,6847
DF-2E94148FA582D3DCC0FC72BD,6848
DF-2E94148FA582D3DCC0FC72BD,6849
DF-2E94148FA582D3DCC0FC72BD,6850
DF-2E94148FA582D3DCC0FC72BD,6851
DF-2E94148FA582D3DCC0FC72BD,6852
DF-2E94148FA582D3DCC0FC72BD,6853
DF-2E94148FA582D3DCC0FC72BD,6854
DF-2E94148FA582D3DCC0FC72BD,6855
DF-2E94148FA582D3DCC0FC72BD,6856
DF-2E94148FA582D3DCC0FC72BD,6857
DF-325901212A2248D2294ECDB8,550
DF-37C472CE9FC9EAB82E41C2CC,4479
DF-37C472CE9FC9EAB82E41C2CC,4480
DF-37C472CE9FC9EAB82E41C2CC,4481
DF-37C472CE9FC9EAB82E41C2CC,4482
DF-37C472CE9FC9EAB82E41C2CC,4483
DF-37C472CE9FC9EAB82E41C2CC,4484
DF-37C472CE9FC9EAB82E41C2CC,4485
DF-37C472CE9FC9EAB82E41C2CC,4486
DF-37C472CE9FC9EAB82E41C2CC,4487
DF-37C472CE9FC9EAB82E41C2CC,4488
DF-37C472CE9FC9EAB82E41C2CC,4489
DF-37C472CE9FC9EAB82E41C2CC,4490
DF-37C472CE9FC9EAB82E41C2CC,4491
DF-37C472CE9FC9EAB82E41C2CC,4492
DF-37C472CE9FC9EAB82E41C2CC,4493
DF-37C472CE9FC9EAB82E41C2CC,4494
DF-37C472CE9FC9EAB82E41C2CC,4495
DF-37C472CE9FC9EAB82E41C2CC,4496
DF-37C472CE9FC9EAB82E41C2CC,4497
DF-37C472CE9FC9EAB82E41C2CC,4498
DF-37C472CE9FC9EAB82E41C2CC,4499
DF-37C472CE9FC9EAB82E41C2CC,4500
DF-37C472CE9FC9EAB82E41C2CC,4501
DF-37C472CE9FC9EAB82E41C2CC,4502
DF-37C472CE9FC9EAB82E41C2CC,4503
DF-37C472CE9FC9EAB82E41C2CC,4504
DF-37C472CE9FC9EAB82E41C2CC,4505
DF-37C472CE9FC9EAB82E41C2CC,4506
DF-37C472CE9FC9EAB82E41C2CC,4507
DF-401343261ED27CB50B9C072C,5419
DF-401343261ED27CB50B9C072C,5420
DF-401343261ED27CB50B9C072C,5421
DF-401343261ED27CB50B9C072C,5422
DF-401343261ED27CB50B9C072C,5423
DF-401343261ED27CB50B9C072C,5424
DF-401343261ED27CB50B9C072C,5425
DF-401343261ED27CB50B9C072C,5426
DF-401343261ED27CB50B9C072C,5427
DF-401343261ED27CB50B9C072C,5428
DF-401343261ED27CB50B9C072C,5429
DF-401343261ED27CB50B9C072C,5430
DF-401343261ED27CB50B9C072C,5431
DF-401343261ED27CB50B9C072C,5432
DF-401343261ED27CB50B9C072C,5433
DF-401343261ED27CB50B9C072C,5434
DF-401343261ED27CB50B9C072C,5435
DF-401343261ED27CB50B9C072C,5436
DF-401343261ED27CB50B9C072C,5437
DF-401343261ED27CB50B9C072C,5438
DF-401343261ED27CB50B9C072C,5439
DF-401343261ED27CB50B9C072C,5440
DF-401343261ED27CB50B9C072C,5441
DF-401343261ED27CB50B9C072C,5442
DF-401343261ED27CB50B9C072C,5443
DF-401343261ED27CB50B9C072C,5444
DF-401343261ED27CB50B9C072C,5445
DF-401343261ED27CB50B9C072C,5446
DF-401343261ED27CB50B9C072C,5447
DF-460C531F16D0BC1FC05EEA85,1717
DF-460C531F16D0BC1FC05EEA85,1718
DF-460C531F16D0BC1FC05EEA85,1719
DF-460C531F16D0BC1FC05EEA85,1720
DF-460C531F16D0BC1FC05EEA85,1721
DF-460C531F16D0BC1FC05EEA85,1722
DF-460C531F16D0BC1FC05EEA85,1723
DF-460C531F16D0BC1FC05EEA85,1724
DF-460C531F16D0BC1FC05EEA85,1725
DF-460C531F16D0BC1FC05EEA85,1726
DF-460C531F16D0BC1FC05EEA85,1727
DF-460C531F16D0BC1FC05EEA85,1728
DF-460C531F16D0BC1FC05EEA85,1729
DF-460C531F16D0BC1FC05EEA85,1730
DF-460C531F16D0BC1FC05EEA85,1731
DF-460C531F16D0BC1FC05EEA85,1732
DF-460C531F16D0BC1FC05EEA85,1733
DF-460C531F16D0BC1FC05EEA85,1734
DF-460C531F16D0BC1FC05EEA85,1735
DF-460C531F16D0BC1FC05EEA85,1736
DF-460C531F16D0BC1FC05EEA85,1737
DF-460C531F16D0BC1FC05EEA85,1738
DF-460C531F16D0BC1FC05EEA85,1739
DF-460C531F16D0BC1FC05EEA85,1740
DF-460C531F16D0BC1FC05EEA85,1741
DF-460C531F16D0BC1FC05EEA85,1742
DF-460C531F16D0BC1FC05EEA85,1743
DF-460C531F16D0BC1FC05EEA85,1744
DF-460C531F16D0BC1FC05EEA85,1745
DF-47B2111E85E7B0EBC7AE39D0,3069
DF-47B2111E85E7B0EBC7AE39D0,3070
DF-47B2111E85E7B0EBC7AE39D0,3071
DF-47B2111E85E7B0EBC7AE39D0,3072
DF-47B2111E85E7B0EBC7AE39D0,3073
DF-47B2111E85E7B0EBC7AE39D0,3074
DF-47B2111E85E7B0EBC7AE39D0,3075
DF-47B2111E85E7B0EBC7AE39D0,3076
DF-47B2111E85E7B0EBC7AE39D0,3077
DF-47B2111E85E7B0EBC7AE39D0,3078
DF-47B2111E85E7B0EBC7AE39D0,3079
DF-47B2111E85E7B0EBC7AE39D0,3080
DF-47B2111E85E7B0EBC7AE39D0,3081
DF-47B2111E85E7B0EBC7AE39D0,3082
DF-47B2111E85E7B0EBC7AE39D0,3083
DF-47B2111E85E7B0EBC7AE39D0,3084
DF-47B2111E85E7B0EBC7AE39D0,3085
DF-47B2111E85E7B0EBC7AE39D0,3086
DF-47B2111E85E7B0EBC7AE39D0,3087
DF-47B2111E85E7B0EBC7AE39D0,3088
DF-47B2111E85E7B0EBC7AE39D0,3089
DF-47B2111E85E7B0EBC7AE39D0,3090
DF-47B2111E85E7B0EBC7AE39D0,3091
DF-47B2111E85E7B0EBC7AE39D0,3092
DF-47B2111E85E7B0EBC7AE39D0,3093
DF-47B2111E85E7B0EBC7AE39D0,3094
DF-47B2111E85E7B0EBC7AE39D0,3095
DF-47B2111E85E7B0EBC7AE39D0,3096
DF-47B2111E85E7B0EBC7AE39D0,3097
DF-56178DCCC31B124FCB75759E,394
DF-56178DCCC31B124FCB75759E,395
DF-56178DCCC31B124FCB75759E,396
DF-56178DCCC31B124FCB75759E,397
DF-56178DCCC31B124FCB75759E,398
DF-56178DCCC31B124FCB75759E,399
DF-56178DCCC31B124FCB75759E,400
DF-56178DCCC31B124FCB75759E,401
DF-56178DCCC31B124FCB75759E,402
DF-56178DCCC31B124FCB75759E,403
DF-56178DCCC31B124FCB75759E,404
DF-56178DCCC31B124FCB75759E,405
DF-56178DCCC31B124FCB75759E,406
DF-56178DCCC31B124FCB75759E,407
DF-5927B10FFDAB1A77856CB925,1189
DF-5927B10FFDAB1A77856CB925,1190
DF-5927B10FFDAB1A77856CB925,1191
DF-5927B10FFDAB1A77856CB925,1192
DF-5927B10FFDAB1A77856CB925,1193
DF-5927B10FFDAB1A77856CB925,1194
DF-5927B10FFDAB1A77856CB925,1195
DF-5927B10FFDAB1A77856CB925,1196
DF-5927B10FFDAB1A77856CB925,1197
DF-5927B10FFDAB1A77856CB925,1198
DF-5927B10FFDAB1A77856CB925,1199
DF-5927B10FFDAB1A77856CB925,1200
DF-5927B10FFDAB1A77856CB925,1201
DF-5927B10FFDAB1A77856CB925,1202
DF-5927B10FFDAB1A77856CB925,1203
DF-5927B10FFDAB1A77856CB925,1204
DF-5927B10FFDAB1A77856CB925,1205
DF-5927B10FFDAB1A77856CB925,1206
DF-5927B10FFDAB1A77856CB925,1207
DF-5927B10FFDAB1A77856CB925,1208
DF-5927B10FFDAB1A77856CB925,1209
DF-5927B10FFDAB1A77856CB925,1210
DF-5927B10FFDAB1A77856CB925,1211
DF-5927B10FFDAB1A77856CB925,1212
DF-5927B10FFDAB1A77856CB925,1213
DF-5927B10FFDAB1A77856CB925,1214
DF-5927B10FFDAB1A77856CB925,1215
DF-5927B10FFDAB1A77856CB925,1216
DF-5927B10FFDAB1A77856CB925,1217
DF-5A8D898F872A4303C5D8F3D2,789
DF-7FA2A134455FAEC2E38D4679,11675
DF-89C831F45983D1CFABC7FAB2,345
DF-89C831F45983D1CFABC7FAB2,346
DF-89C831F45983D1CFABC7FAB2,347
DF-89C831F45983D1CFABC7FAB2,348
DF-89C831F45983D1CFABC7FAB2,349
DF-89C831F45983D1CFABC7FAB2,350
DF-89C831F45983D1CFABC7FAB2,351
DF-89C831F45983D1CFABC7FAB2,352
DF-89C831F45983D1CFABC7FAB2,353
DF-89C831F45983D1CFABC7FAB2,354
DF-89C831F45983D1CFABC7FAB2,355
DF-89C831F45983D1CFABC7FAB2,356
DF-89C831F45983D1CFABC7FAB2,357
DF-89C831F45983D1CFABC7FAB2,358
DF-89C831F45983D1CFABC7FAB2,359
DF-89C831F45983D1CFABC7FAB2,360
DF-89C831F45983D1CFABC7FAB2,361
DF-89C831F45983D1CFABC7FAB2,362
DF-8A2D14C3B3FC07E5758DBBA8,1746
DF-8A2D14C3B3FC07E5758DBBA8,1747
DF-8A2D14C3B3FC07E5758DBBA8,1748
DF-8A2D14C3B3FC07E5758DBBA8,1749
DF-8A2D14C3B3FC07E5758DBBA8,1750
DF-8A2D14C3B3FC07E5758DBBA8,1751
DF-8A2D14C3B3FC07E5758DBBA8,1752
DF-8A2D14C3B3FC07E5758DBBA8,1753
DF-8A2D14C3B3FC07E5758DBBA8,1754
DF-8A2D14C3B3FC07E5758DBBA8,1755
DF-8A2D14C3B3FC07E5758DBBA8,1756
DF-8A2D14C3B3FC07E5758DBBA8,1757
DF-8A2D14C3B3FC07E5758DBBA8,1758
DF-8A2D14C3B3FC07E5758DBBA8,1759
DF-8A2D14C3B3FC07E5758DBBA8,1760
DF-8A2D14C3B3FC07E5758DBBA8,1761
DF-8A2D14C3B3FC07E5758DBBA8,1762
DF-8A2D14C3B3FC07E5758DBBA8,1763
DF-8A2D14C3B3FC07E5758DBBA8,1764
DF-8A2D14C3B3FC07E5758DBBA8,1765
DF-8A2D14C3B3FC07E5758DBBA8,1766
DF-8A2D14C3B3FC07E5758DBBA8,1767
DF-8A2D14C3B3FC07E5758DBBA8,1768
DF-8A2D14C3B3FC07E5758DBBA8,1769
DF-8A2D14C3B3FC07E5758DBBA8,1770
DF-8A2D14C3B3FC07E5758DBBA8,1771
DF-8A2D14C3B3FC07E5758DBBA8,1772
DF-8A2D14C3B3FC07E5758DBBA8,1773
DF-8A2D14C3B3FC07E5758DBBA8,1774
DF-8B0BEE6DA7B1530A9DB9FAE3,307
DF-8B0BEE6DA7B1530A9DB9FAE3,308
DF-8B0BEE6DA7B1530A9DB9FAE3,309
DF-8B0BEE6DA7B1530A9DB9FAE3,310
DF-8B0BEE6DA7B1530A9DB9FAE3,311
DF-8B0BEE6DA7B1530A9DB9FAE3,312
DF-8B0BEE6DA7B1530A9DB9FAE3,313
DF-8B0BEE6DA7B1530A9DB9FAE3,314
DF-8B0BEE6DA7B1530A9DB9FAE3,315
DF-8B0BEE6DA7B1530A9DB9FAE3,316
DF-8B0BEE6DA7B1530A9DB9FAE3,317
DF-8B0BEE6DA7B1530A9DB9FAE3,318
DF-8B0BEE6DA7B1530A9DB9FAE3,319
DF-8B0BEE6DA7B1530A9DB9FAE3,320
DF-8B0BEE6DA7B1530A9DB9FAE3,321
DF-8B0BEE6DA7B1530A9DB9FAE3,322
DF-8B0BEE6DA7B1530A9DB9FAE3,323
DF-8B0BEE6DA7B1530A9DB9FAE3,324
DF-8B0BEE6DA7B1530A9DB9FAE3,325
DF-8B0BEE6DA7B1530A9DB9FAE3,326
DF-8B0BEE6DA7B1530A9DB9FAE3,327
DF-8B0BEE6DA7B1530A9DB9FAE3,328
DF-8B0BEE6DA7B1530A9DB9FAE3,329
DF-8B0BEE6DA7B1530A9DB9FAE3,330
DF-8B0BEE6DA7B1530A9DB9FAE3,331
DF-8B0BEE6DA7B1530A9DB9FAE3,332
DF-8B0BEE6DA7B1530A9DB9FAE3,333
DF-8B0BEE6DA7B1530A9DB9FAE3,334
DF-8B0BEE6DA7B1530A9DB9FAE3,335
DF-8BE2EB4E9AD750AA74889F8E,1688
DF-8BE2EB4E9AD750AA74889F8E,1689
DF-8BE2EB4E9AD750AA74889F8E,1690
DF-8BE2EB4E9AD750AA74889F8E,1691
DF-8BE2EB4E9AD750AA74889F8E,1692
DF-8BE2EB4E9AD750AA74889F8E,1693
DF-8BE2EB4E9AD750AA74889F8E,1694
DF-8BE2EB4E9AD750AA74889F8E,1695
DF-8BE2EB4E9AD750AA74889F8E,1696
DF-8BE2EB4E9AD750AA74889F8E,1697
DF-8BE2EB4E9AD750AA74889F8E,1698
DF-8BE2EB4E9AD750AA74889F8E,1699
DF-8BE2EB4E9AD750AA74889F8E,1700
DF-8BE2EB4E9AD750AA74889F8E,1701
DF-8BE2EB4E9AD750AA74889F8E,1702
DF-8BE2EB4E9AD750AA74889F8E,1703
DF-8BE2EB4E9AD750AA74889F8E,1704
DF-8BE2EB4E9AD750AA74889F8E,1705
DF-8BE2EB4E9AD750AA74889F8E,1706
DF-8BE2EB4E9AD750AA74889F8E,1707
DF-8BE2EB4E9AD750AA74889F8E,1708
DF-8BE2EB4E9AD750AA74889F8E,1709
DF-8BE2EB4E9AD750AA74889F8E,1710
DF-8BE2EB4E9AD750AA74889F8E,1711
DF-8BE2EB4E9AD750AA74889F8E,1712
DF-8BE2EB4E9AD750AA74889F8E,1713
DF-8BE2EB4E9AD750AA74889F8E,1714
DF-8BE2EB4E9AD750AA74889F8E,1715
DF-8BE2EB4E9AD750AA74889F8E,1716
DF-8FB0DFCFA05AF833DE6AC0C4,9649
DF-8FB0DFCFA05AF833DE6AC0C4,9650
DF-8FB0DFCFA05AF833DE6AC0C4,9651
DF-8FB0DFCFA05AF833DE6AC0C4,9652
DF-8FB0DFCFA05AF833DE6AC0C4,9653
DF-8FB0DFCFA05AF833DE6AC0C4,9654
DF-8FB0DFCFA05AF833DE6AC0C4,9655
DF-8FB0DFCFA05AF833DE6AC0C4,9656
DF-8FB0DFCFA05AF833DE6AC0C4,9657
DF-8FB0DFCFA05AF833DE6AC0C4,9658
DF-8FB0DFCFA05AF833DE6AC0C4,9659
DF-8FB0DFCFA05AF833DE6AC0C4,9660
DF-8FB0DFCFA05AF833DE6AC0C4,9661
DF-8FB0DFCFA05AF833DE6AC0C4,9662
DF-8FB0DFCFA05AF833DE6AC0C4,9663
DF-8FB0DFCFA05AF833DE6AC0C4,9664
DF-8FB0DFCFA05AF833DE6AC0C4,9665
DF-8FB0DFCFA05AF833DE6AC0C4,9666
DF-8FB0DFCFA05AF833DE6AC0C4,9667
DF-8FB0DFCFA05AF833DE6AC0C4,9668
DF-8FB0DFCFA05AF833DE6AC0C4,9669
DF-8FB0DFCFA05AF833DE6AC0C4,9670
DF-8FB0DFCFA05AF833DE6AC0C4,9671
DF-8FB0DFCFA05AF833DE6AC0C4,9672
DF-8FB0DFCFA05AF833DE6AC0C4,9673
DF-8FB0DFCFA05AF833DE6AC0C4,9674
DF-8FB0DFCFA05AF833DE6AC0C4,9675
DF-8FB0DFCFA05AF833DE6AC0C4,9676
DF-8FB0DFCFA05AF833DE6AC0C4,9677
DF-98DFA2AEE268BC0BD826D4FD,578
DF-98DFA2AEE268BC0BD826D4FD,579
DF-9CD4C34FCAD432E75A3E3C06,8709
DF-9CD4C34FCAD432E75A3E3C06,8710
DF-9CD4C34FCAD432E75A3E3C06,8711
DF-9CD4C34FCAD432E75A3E3C06,8712
DF-9CD4C34FCAD432E75A3E3C06,8713
DF-9CD4C34FCAD432E75A3E3C06,8714
DF-9CD4C34FCAD432E75A3E3C06,8715
DF-9CD4C34FCAD432E75A3E3C06,8716
DF-9CD4C34FCAD432E75A3E3C06,8717
DF-9CD4C34FCAD432E75A3E3C06,8718
DF-9CD4C34FCAD432E75A3E3C06,8719
DF-9CD4C34FCAD432E75A3E3C06,8720
DF-9CD4C34FCAD432E75A3E3C06,8721
DF-9CD4C34FCAD432E75A3E3C06,8722
DF-9CD4C34FCAD432E75A3E3C06,8723
DF-9CD4C34FCAD432E75A3E3C06,8724
DF-9CD4C34FCAD432E75A3E3C06,8725
DF-9CD4C34FCAD432E75A3E3C06,8726
DF-9CD4C34FCAD432E75A3E3C06,8727
DF-9CD4C34FCAD432E75A3E3C06,8728
DF-9CD4C34FCAD432E75A3E3C06,8729
DF-9CD4C34FCAD432E75A3E3C06,8730
DF-9CD4C34FCAD432E75A3E3C06,8731
DF-9CD4C34FCAD432E75A3E3C06,8732
DF-9CD4C34FCAD432E75A3E3C06,8733
DF-9CD4C34FCAD432E75A3E3C06,8734
DF-9CD4C34FCAD432E75A3E3C06,8735
DF-9CD4C34FCAD432E75A3E3C06,8736
DF-9CD4C34FCAD432E75A3E3C06,8737
DF-A8550D9401A3E3F5F8A9CAAA,9179
DF-A8550D9401A3E3F5F8A9CAAA,9180
DF-A8550D9401A3E3F5F8A9CAAA,9181
DF-A8550D9401A3E3F5F8A9CAAA,9182
DF-A8550D9401A3E3F5F8A9CAAA,9183
DF-A8550D9401A3E3F5F8A9CAAA,9184
DF-A8550D9401A3E3F5F8A9CAAA,9185
DF-A8550D9401A3E3F5F8A9CAAA,9186
DF-A8550D9401A3E3F5F8A9CAAA,9187
DF-A8550D9401A3E3F5F8A9CAAA,9188
DF-A8550D9401A3E3F5F8A9CAAA,9189
DF-A8550D9401A3E3F5F8A9CAAA,9190
DF-A8550D9401A3E3F5F8A9CAAA,9191
DF-A8550D9401A3E3F5F8A9CAAA,9192
DF-A8550D9401A3E3F5F8A9CAAA,9193
DF-A8550D9401A3E3F5F8A9CAAA,9194
DF-A8550D9401A3E3F5F8A9CAAA,9195
DF-A8550D9401A3E3F5F8A9CAAA,9196
DF-A8550D9401A3E3F5F8A9CAAA,9197
DF-A8550D9401A3E3F5F8A9CAAA,9198
DF-A8550D9401A3E3F5F8A9CAAA,9199
DF-A8550D9401A3E3F5F8A9CAAA,9200
DF-A8550D9401A3E3F5F8A9CAAA,9201
DF-A8550D9401A3E3F5F8A9CAAA,9202
DF-A8550D9401A3E3F5F8A9CAAA,9203
DF-A8550D9401A3E3F5F8A9CAAA,9204
DF-A8550D9401A3E3F5F8A9CAAA,9205
DF-A8550D9401A3E3F5F8A9CAAA,9206
DF-A8550D9401A3E3F5F8A9CAAA,9207
DF-A8C28CC35D47189509A6C3CB,1659
DF-A8C28CC35D47189509A6C3CB,1660
DF-A8C28CC35D47189509A6C3CB,1661
DF-A8C28CC35D47189509A6C3CB,1662
DF-A8C28CC35D47189509A6C3CB,1663
DF-A8C28CC35D47189509A6C3CB,1664
DF-A8C28CC35D47189509A6C3CB,1665
DF-A8C28CC35D47189509A6C3CB,1666
DF-A8C28CC35D47189509A6C3CB,1667
DF-A8C28CC35D47189509A6C3CB,1668
DF-A8C28CC35D47189509A6C3CB,1669
DF-A8C28CC35D47189509A6C3CB,1670
DF-A8C28CC35D47189509A6C3CB,1671
DF-A8C28CC35D47189509A6C3CB,1672
DF-A8C28CC35D47189509A6C3CB,1673
DF-A8C28CC35D47189509A6C3CB,1674
DF-A8C28CC35D47189509A6C3CB,1675
DF-A8C28CC35D47189509A6C3CB,1676
DF-A8C28CC35D47189509A6C3CB,1677
DF-A8C28CC35D47189509A6C3CB,1678
DF-A8C28CC35D47189509A6C3CB,1679
DF-A8C28CC35D47189509A6C3CB,1680
DF-A8C28CC35D47189509A6C3CB,1681
DF-A8C28CC35D47189509A6C3CB,1682
DF-A8C28CC35D47189509A6C3CB,1683
DF-A8C28CC35D47189509A6C3CB,1684
DF-A8C28CC35D47189509A6C3CB,1685
DF-A8C28CC35D47189509A6C3CB,1686
DF-A8C28CC35D47189509A6C3CB,1687
DF-AC00E273B925F0F061821EFA,10589
DF-AC00E273B925F0F061821EFA,10590
DF-AC00E273B925F0F061821EFA,10591
DF-AC00E273B925F0F061821EFA,10592
DF-AC00E273B925F0F061821EFA,10593
DF-AC00E273B925F0F061821EFA,10594
DF-AC00E273B925F0F061821EFA,10595
DF-AC00E273B925F0F061821EFA,10596
DF-AC00E273B925F0F061821EFA,10597
DF-AC00E273B925F0F061821EFA,10598
DF-AC00E273B925F0F061821EFA,10599
DF-AC00E273B925F0F061821EFA,10600
DF-AC00E273B925F0F061821EFA,10601
DF-AC00E273B925F0F061821EFA,10602
DF-AC00E273B925F0F061821EFA,10603
DF-AC00E273B925F0F061821EFA,10604
DF-AC00E273B925F0F061821EFA,10605
DF-AC00E273B925F0F061821EFA,10606
DF-AC00E273B925F0F061821EFA,10607
DF-AC00E273B925F0F061821EFA,10608
DF-AC00E273B925F0F061821EFA,10609
DF-AC00E273B925F0F061821EFA,10610
DF-AC00E273B925F0F061821EFA,10611
DF-AC00E273B925F0F061821EFA,10612
DF-AC00E273B925F0F061821EFA,10613
DF-AC00E273B925F0F061821EFA,10614
DF-AC00E273B925F0F061821EFA,10615
DF-AC00E273B925F0F061821EFA,10616
DF-AC00E273B925F0F061821EFA,10617
DF-AD75BC81DEB7E4B7449B6C9C,4009
DF-AD75BC81DEB7E4B7449B6C9C,4010
DF-AD75BC81DEB7E4B7449B6C9C,4011
DF-AD75BC81DEB7E4B7449B6C9C,4012
DF-AD75BC81DEB7E4B7449B6C9C,4013
DF-AD75BC81DEB7E4B7449B6C9C,4014
DF-AD75BC81DEB7E4B7449B6C9C,4015
DF-AD75BC81DEB7E4B7449B6C9C,4016
DF-AD75BC81DEB7E4B7449B6C9C,4017
DF-AD75BC81DEB7E4B7449B6C9C,4018
DF-AD75BC81DEB7E4B7449B6C9C,4019
DF-AD75BC81DEB7E4B7449B6C9C,4020
DF-AD75BC81DEB7E4B7449B6C9C,4021
DF-AD75BC81DEB7E4B7449B6C9C,4022
DF-AD75BC81DEB7E4B7449B6C9C,4023
DF-AD75BC81DEB7E4B7449B6C9C,4024
DF-AD75BC81DEB7E4B7449B6C9C,4025
DF-AD75BC81DEB7E4B7449B6C9C,4026
DF-AD75BC81DEB7E4B7449B6C9C,4027
DF-AD75BC81DEB7E4B7449B6C9C,4028
DF-AD75BC81DEB7E4B7449B6C9C,4029
DF-AD75BC81DEB7E4B7449B6C9C,4030
DF-AD75BC81DEB7E4B7449B6C9C,4031
DF-AD75BC81DEB7E4B7449B6C9C,4032
DF-AD75BC81DEB7E4B7449B6C9C,4033
DF-AD75BC81DEB7E4B7449B6C9C,4034
DF-AD75BC81DEB7E4B7449B6C9C,4035
DF-AD75BC81DEB7E4B7449B6C9C,4036
DF-AD75BC81DEB7E4B7449B6C9C,4037
DF-ADB87057F20D1B2A36DB03C1,11714
DF-ADB87057F20D1B2A36DB03C1,11734
DF-ADF778809D7B1D6A75F39C15,11999
DF-ADF778809D7B1D6A75F39C15,12000
DF-ADF778809D7B1D6A75F39C15,12001
DF-ADF778809D7B1D6A75F39C15,12002
DF-ADF778809D7B1D6A75F39C15,12003
DF-ADF778809D7B1D6A75F39C15,12004
DF-ADF778809D7B1D6A75F39C15,12005
DF-ADF778809D7B1D6A75F39C15,12006
DF-ADF778809D7B1D6A75F39C15,12007
DF-ADF778809D7B1D6A75F39C15,12008
DF-ADF778809D7B1D6A75F39C15,12009
DF-ADF778809D7B1D6A75F39C15,12010
DF-ADF778809D7B1D6A75F39C15,12011
DF-ADF778809D7B1D6A75F39C15,12012
DF-ADF778809D7B1D6A75F39C15,12013
DF-ADF778809D7B1D6A75F39C15,12014
DF-ADF778809D7B1D6A75F39C15,12015
DF-ADF778809D7B1D6A75F39C15,12016
DF-ADF778809D7B1D6A75F39C15,12017
DF-ADF778809D7B1D6A75F39C15,12018
DF-ADF778809D7B1D6A75F39C15,12019
DF-ADF778809D7B1D6A75F39C15,12020
DF-ADF778809D7B1D6A75F39C15,12021
DF-ADF778809D7B1D6A75F39C15,12022
DF-ADF778809D7B1D6A75F39C15,12023
DF-ADF778809D7B1D6A75F39C15,12024
DF-ADF778809D7B1D6A75F39C15,12025
DF-ADF778809D7B1D6A75F39C15,12026
DF-ADF778809D7B1D6A75F39C15,12027
DF-AE421C0CA322BAE10305FA52,11059
DF-AE421C0CA322BAE10305FA52,11060
DF-AE421C0CA322BAE10305FA52,11061
DF-AE421C0CA322BAE10305FA52,11062
DF-AE421C0CA322BAE10305FA52,11063
DF-AE421C0CA322BAE10305FA52,11064
DF-AE421C0CA322BAE10305FA52,11065
DF-AE421C0CA322BAE10305FA52,11066
DF-AE421C0CA322BAE10305FA52,11067
DF-AE421C0CA322BAE10305FA52,11068
DF-AE421C0CA322BAE10305FA52,11069
DF-AE421C0CA322BAE10305FA52,11070
DF-AE421C0CA322BAE10305FA52,11071
DF-AE421C0CA322BAE10305FA52,11072
DF-AE421C0CA322BAE10305FA52,11073
DF-AE421C0CA322BAE10305FA52,11074
DF-AE421C0CA322BAE10305FA52,11075
DF-AE421C0CA322BAE10305FA52,11076
DF-AE421C0CA322BAE10305FA52,11077
DF-AE421C0CA322BAE10305FA52,11078
DF-AE421C0CA322BAE10305FA52,11079
DF-AE421C0CA322BAE10305FA52,11080
DF-AE421C0CA322BAE10305FA52,11081
DF-AE421C0CA322BAE10305FA52,11082
DF-AE421C0CA322BAE10305FA52,11083
DF-AE421C0CA322BAE10305FA52,11084
DF-AE421C0CA322BAE10305FA52,11085
DF-AE421C0CA322BAE10305FA52,11086
DF-AE421C0CA322BAE10305FA52,11087
DF-BB2409F2810A6FD3DF6A325D,7299
DF-BB2409F2810A6FD3DF6A325D,7300
DF-BB2409F2810A6FD3DF6A325D,7301
DF-BB2409F2810A6FD3DF6A325D,7302
DF-BB2409F2810A6FD3DF6A325D,7303
DF-BB2409F2810A6FD3DF6A325D,7304
DF-BB2409F2810A6FD3DF6A325D,7305
DF-BB2409F2810A6FD3DF6A325D,7306
DF-BB2409F2810A6FD3DF6A325D,7307
DF-BB2409F2810A6FD3DF6A325D,7308
DF-BB2409F2810A6FD3DF6A325D,7309
DF-BB2409F2810A6FD3DF6A325D,7310
DF-BB2409F2810A6FD3DF6A325D,7311
DF-BB2409F2810A6FD3DF6A325D,7312
DF-BB2409F2810A6FD3DF6A325D,7313
DF-BB2409F2810A6FD3DF6A325D,7314
DF-BB2409F2810A6FD3DF6A325D,7315
DF-BB2409F2810A6FD3DF6A325D,7316
DF-BB2409F2810A6FD3DF6A325D,7317
DF-BB2409F2810A6FD3DF6A325D,7318
DF-BB2409F2810A6FD3DF6A325D,7319
DF-BB2409F2810A6FD3DF6A325D,7320
DF-BB2409F2810A6FD3DF6A325D,7321
DF-BB2409F2810A6FD3DF6A325D,7322
DF-BB2409F2810A6FD3DF6A325D,7323
DF-BB2409F2810A6FD3DF6A325D,7324
DF-BB2409F2810A6FD3DF6A325D,7325
DF-BB2409F2810A6FD3DF6A325D,7326
DF-BB2409F2810A6FD3DF6A325D,7327
DF-BD46CDB98A3882E5DE945DB1,3539
DF-BD46CDB98A3882E5DE945DB1,3540
DF-BD46CDB98A3882E5DE945DB1,3541
DF-BD46CDB98A3882E5DE945DB1,3542
DF-BD46CDB98A3882E5DE945DB1,3543
DF-BD46CDB98A3882E5DE945DB1,3544
DF-BD46CDB98A3882E5DE945DB1,3545
DF-BD46CDB98A3882E5DE945DB1,3546
DF-BD46CDB98A3882E5DE945DB1,3547
DF-BD46CDB98A3882E5DE945DB1,3548
DF-BD46CDB98A3882E5DE945DB1,3549
DF-BD46CDB98A3882E5DE945DB1,3550
DF-BD46CDB98A3882E5DE945DB1,3551
DF-BD46CDB98A3882E5DE945DB1,3552
DF-BD46CDB98A3882E5DE945DB1,3553
DF-BD46CDB98A3882E5DE945DB1,3554
DF-BD46CDB98A3882E5DE945DB1,3555
DF-BD46CDB98A3882E5DE945DB1,3556
DF-BD46CDB98A3882E5DE945DB1,3557
DF-BD46CDB98A3882E5DE945DB1,3558
DF-BD46CDB98A3882E5DE945DB1,3559
DF-BD46CDB98A3882E5DE945DB1,3560
DF-BD46CDB98A3882E5DE945DB1,3561
DF-BD46CDB98A3882E5DE945DB1,3562
DF-BD46CDB98A3882E5DE945DB1,3563
DF-BD46CDB98A3882E5DE945DB1,3564
DF-BD46CDB98A3882E5DE945DB1,3565
DF-BD46CDB98A3882E5DE945DB1,3566
DF-BD46CDB98A3882E5DE945DB1,3567
DF-D4371B60C2F1A63097E82D36,4949
DF-D4371B60C2F1A63097E82D36,4950
DF-D4371B60C2F1A63097E82D36,4951
DF-D4371B60C2F1A63097E82D36,4952
DF-D4371B60C2F1A63097E82D36,4953
DF-D4371B60C2F1A63097E82D36,4954
DF-D4371B60C2F1A63097E82D36,4955
DF-D4371B60C2F1A63097E82D36,4956
DF-D4371B60C2F1A63097E82D36,4957
DF-D4371B60C2F1A63097E82D36,4958
DF-D4371B60C2F1A63097E82D36,4959
DF-D4371B60C2F1A63097E82D36,4960
DF-D4371B60C2F1A63097E82D36,4961
DF-D4371B60C2F1A63097E82D36,4962
DF-D4371B60C2F1A63097E82D36,4963
DF-D4371B60C2F1A63097E82D36,4964
DF-D4371B60C2F1A63097E82D36,4965
DF-D4371B60C2F1A63097E82D36,4966
DF-D4371B60C2F1A63097E82D36,4967
DF-D4371B60C2F1A63097E82D36,4968
DF-D4371B60C2F1A63097E82D36,4969
DF-D4371B60C2F1A63097E82D36,4970
DF-D4371B60C2F1A63097E82D36,4971
DF-D4371B60C2F1A63097E82D36,4972
DF-D4371B60C2F1A63097E82D36,4973
DF-D4371B60C2F1A63097E82D36,4974
DF-D4371B60C2F1A63097E82D36,4975
DF-D4371B60C2F1A63097E82D36,4976
DF-D4371B60C2F1A63097E82D36,4977
DF-E9B52FBBB7B82A5C5E630E8E,10119
DF-E9B52FBBB7B82A5C5E630E8E,10120
DF-E9B52FBBB7B82A5C5E630E8E,10121
DF-E9B52FBBB7B82A5C5E630E8E,10122
DF-E9B52FBBB7B82A5C5E630E8E,10123
DF-E9B52FBBB7B82A5C5E630E8E,10124
DF-E9B52FBBB7B82A5C5E630E8E,10125
DF-E9B52FBBB7B82A5C5E630E8E,10126
DF-E9B52FBBB7B82A5C5E630E8E,10127
DF-E9B52FBBB7B82A5C5E630E8E,10128
DF-E9B52FBBB7B82A5C5E630E8E,10129
DF-E9B52FBBB7B82A5C5E630E8E,10130
DF-E9B52FBBB7B82A5C5E630E8E,10131
DF-E9B52FBBB7B82A5C5E630E8E,10132
DF-E9B52FBBB7B82A5C5E630E8E,10133
DF-E9B52FBBB7B82A5C5E630E8E,10134
DF-E9B52FBBB7B82A5C5E630E8E,10135
DF-E9B52FBBB7B82A5C5E630E8E,10136
DF-E9B52FBBB7B82A5C5E630E8E,10137
DF-E9B52FBBB7B82A5C5E630E8E,10138
DF-E9B52FBBB7B82A5C5E630E8E,10139
DF-E9B52FBBB7B82A5C5E630E8E,10140
DF-E9B52FBBB7B82A5C5E630E8E,10141
DF-E9B52FBBB7B82A5C5E630E8E,10142
DF-E9B52FBBB7B82A5C5E630E8E,10143
DF-E9B52FBBB7B82A5C5E630E8E,10144
DF-E9B52FBBB7B82A5C5E630E8E,10145
DF-E9B52FBBB7B82A5C5E630E8E,10146
DF-E9B52FBBB7B82A5C5E630E8E,10147
DF-EA062F99D4B7986229CC7877,8239
DF-EA062F99D4B7986229CC7877,8240
DF-EA062F99D4B7986229CC7877,8241
DF-EA062F99D4B7986229CC7877,8242
DF-EA062F99D4B7986229CC7877,8243
DF-EA062F99D4B7986229CC7877,8244
DF-EA062F99D4B7986229CC7877,8245
DF-EA062F99D4B7986229CC7877,8246
DF-EA062F99D4B7986229CC7877,8247
DF-EA062F99D4B7986229CC7877,8248
DF-EA062F99D4B7986229CC7877,8249
DF-EA062F99D4B7986229CC7877,8250
DF-EA062F99D4B7986229CC7877,8251
DF-EA062F99D4B7986229CC7877,8252
DF-EA062F99D4B7986229CC7877,8253
DF-EA062F99D4B7986229CC7877,8254
DF-EA062F99D4B7986229CC7877,8255
DF-EA062F99D4B7986229CC7877,8256
DF-EA062F99D4B7986229CC7877,8257
DF-EA062F99D4B7986229CC7877,8258
DF-EA062F99D4B7986229CC7877,8259
DF-EA062F99D4B7986229CC7877,8260
DF-EA062F99D4B7986229CC7877,8261
DF-EA062F99D4B7986229CC7877,8262
DF-EA062F99D4B7986229CC7877,8263
DF-EA062F99D4B7986229CC7877,8264
DF-EA062F99D4B7986229CC7877,8265
DF-EA062F99D4B7986229CC7877,8266
DF-EA062F99D4B7986229CC7877,8267
DF-F042C23095BEAD07379218EB,291
DF-F042C23095BEAD07379218EB,292
DF-F042C23095BEAD07379218EB,293
DF-F042C23095BEAD07379218EB,294
DF-F042C23095BEAD07379218EB,295
DF-F042C23095BEAD07379218EB,296
DF-F042C23095BEAD07379218EB,297
DF-F042C23095BEAD07379218EB,298
DF-F042C23095BEAD07379218EB,299
DF-F042C23095BEAD07379218EB,300
DF-F042C23095BEAD07379218EB,301
DF-F042C23095BEAD07379218EB,302
DF-F042C23095BEAD07379218EB,303
DF-F042C23095BEAD07379218EB,304
DF-F042C23095BEAD07379218EB,305
DF-F042C23095BEAD07379218EB,306
DF-F0B89D59DBCB0230149BA36F,11088
DF-F0B89D59DBCB0230149BA36F,11089
DF-F0B89D59DBCB0230149BA36F,11090
DF-F0B89D59DBCB0230149BA36F,11091
DF-F0B89D59DBCB0230149BA36F,11092
DF-F0B89D59DBCB0230149BA36F,11093
DF-F0B89D59DBCB0230149BA36F,11094
DF-F0B89D59DBCB0230149BA36F,11095
DF-F0B89D59DBCB0230149BA36F,11096
DF-F0B89D59DBCB0230149BA36F,11097
DF-F0B89D59DBCB0230149BA36F,11098
DF-F0B89D59DBCB0230149BA36F,11099
DF-F0B89D59DBCB0230149BA36F,11100
DF-F0B89D59DBCB0230149BA36F,11101
DF-F0B89D59DBCB0230149BA36F,11102
DF-F0B89D59DBCB0230149BA36F,11103
DF-F0B89D59DBCB0230149BA36F,11104
DF-F0B89D59DBCB0230149BA36F,11105
DF-F0B89D59DBCB0230149BA36F,11106
DF-F0B89D59DBCB0230149BA36F,11107
DF-F0B89D59DBCB0230149BA36F,11108
DF-F0B89D59DBCB0230149BA36F,11109
DF-F0B89D59DBCB0230149BA36F,11110
DF-F0B89D59DBCB0230149BA36F,11111
DF-F0B89D59DBCB0230149BA36F,11112
DF-F0B89D59DBCB0230149BA36F,11113
DF-F0B89D59DBCB0230149BA36F,11114
DF-F0B89D59DBCB0230149BA36F,11115
DF-F0B89D59DBCB0230149BA36F,11116
DF-F87291088CB9ACA8D3C17383,11529
DF-F87291088CB9ACA8D3C17383,11530
DF-F87291088CB9ACA8D3C17383,11531
DF-F87291088CB9ACA8D3C17383,11532
DF-F87291088CB9ACA8D3C17383,11533
DF-F87291088CB9ACA8D3C17383,11534
DF-F87291088CB9ACA8D3C17383,11535
DF-F87291088CB9ACA8D3C17383,11536
DF-F87291088CB9ACA8D3C17383,11537
DF-F87291088CB9ACA8D3C17383,11538
DF-F87291088CB9ACA8D3C17383,11539
DF-F87291088CB9ACA8D3C17383,11540
DF-F87291088CB9ACA8D3C17383,11541
DF-F87291088CB9ACA8D3C17383,11542
DF-F87291088CB9ACA8D3C17383,11543
DF-F87291088CB9ACA8D3C17383,11544
DF-F87291088CB9ACA8D3C17383,11545
DF-F87291088CB9ACA8D3C17383,11546
DF-F87291088CB9ACA8D3C17383,11547
DF-F87291088CB9ACA8D3C17383,11548
DF-F87291088CB9ACA8D3C17383,11549
DF-F87291088CB9ACA8D3C17383,11550
DF-F87291088CB9ACA8D3C17383,11551
DF-F87291088CB9ACA8D3C17383,11552
DF-F87291088CB9ACA8D3C17383,11553
DF-F87291088CB9ACA8D3C17383,11554
DF-F87291088CB9ACA8D3C17383,11555
DF-F87291088CB9ACA8D3C17383,11556
DF-F87291088CB9ACA8D3C17383,11557
DF-FFCD6AE7E6984EAB7046826B,2599
DF-FFCD6AE7E6984EAB7046826B,2600
DF-FFCD6AE7E6984EAB7046826B,2601
DF-FFCD6AE7E6984EAB7046826B,2602
DF-FFCD6AE7E6984EAB7046826B,2603
DF-FFCD6AE7E6984EAB7046826B,2604
DF-FFCD6AE7E6984EAB7046826B,2605
DF-FFCD6AE7E6984EAB7046826B,2606
DF-FFCD6AE7E6984EAB7046826B,2607
DF-FFCD6AE7E6984EAB7046826B,2608
DF-FFCD6AE7E6984EAB7046826B,2609
DF-FFCD6AE7E6984EAB7046826B,2610
DF-FFCD6AE7E6984EAB7046826B,2611
DF-FFCD6AE7E6984EAB7046826B,2612
DF-FFCD6AE7E6984EAB7046826B,2613
DF-FFCD6AE7E6984EAB7046826B,2614
DF-FFCD6AE7E6984EAB7046826B,2615
DF-FFCD6AE7E6984EAB7046826B,2616
DF-FFCD6AE7E6984EAB7046826B,2617
DF-FFCD6AE7E6984EAB7046826B,2618
DF-FFCD6AE7E6984EAB7046826B,2619
DF-FFCD6AE7E6984EAB7046826B,2620
DF-FFCD6AE7E6984EAB7046826B,2621
DF-FFCD6AE7E6984EAB7046826B,2622
DF-FFCD6AE7E6984EAB7046826B,2623
DF-FFCD6AE7E6984EAB7046826B,2624
DF-FFCD6AE7E6984EAB7046826B,2625
DF-FFCD6AE7E6984EAB7046826B,2626
DF-FFCD6AE7E6984EAB7046826B,2627
