manufacturer_part_id,scheme,identifier_value,identifier_authority,source_id,is_primary
MP-LEGRAND-ZL450G,manufacturer_part_number,ZL450G,Legrand,SRC-LEGRAND-ZL450G,1
MP-LEGRAND-ZL600G,manufacturer_part_number,ZL600G,Legrand,SRC-LEGRAND-ZL600G,1
MP-LEGRAND-ZL750G,manufacturer_part_number,ZL750G,Legrand,SRC-LEGRAND-ZL750G,1
MP-OGLAEND-1371512,manufacturer_part_number,1371512,Øglænd System,SRC-OGLAEND-1371512,1
MP-OGLAEND-1371512,other,2272770,Hilti,SRC-OGLAEND-1371512,0
MP-OGLAEND-1371513,manufacturer_part_number,1371513,Øglænd System,SRC-OGLAEND-1371513,1
MP-OGLAEND-1371513,other,2272771,Hilti,SRC-OGLAEND-1371513,0
MP-OGLAEND-1371514,manufacturer_part_number,1371514,Øglænd System,SRC-OGLAEND-1371514,1
MP-OGLAEND-1371514,other,2293997,Hilti,SRC-OGLAEND-1371514,0
MP-OGLAEND-1371515,manufacturer_part_number,1371515,Øglænd System,SRC-OGLAEND-1371515,1
MP-OGLAEND-1371515,other,2272772,Hilti,SRC-OGLAEND-1371515,0
MP-LEGRAND-ZL300G6M,manufacturer_part_number,ZL300G6M,Legrand,SRC-LEGRAND-ZL300G6M,1
MP-LEGRAND-ZL450G6M,manufacturer_part_number,ZL450G6M,Legrand,SRC-LEGRAND-ZL450G6M,1
MP-LEGRAND-ZL600G6M,manufacturer_part_number,ZL600G6M,Legrand,SRC-LEGRAND-ZL600G6M,1
MP-NIEDAX-KL100203S,manufacturer_part_number,KL 100.203,Niedax,SRC-NIEDAX-KL-CURRENT,1
MP-NIEDAX-KL100203F,manufacturer_part_number,KL 100.203 F,Niedax,SRC-NIEDAX-KL-CURRENT,1
MP-NIEDAX-KL100303F,manufacturer_part_number,KL 100.303 F,Niedax,SRC-NIEDAX-KL-CURRENT,1
MP-NIEDAX-KL100403F,manufacturer_part_number,KL 100.403 F,Niedax,SRC-NIEDAX-KL-CURRENT,1
MP-NIEDAX-KL100503F,manufacturer_part_number,KL 100.503 F,Niedax,SRC-NIEDAX-KL-CURRENT,1
MP-NIEDAX-KL100603F,manufacturer_part_number,KL 100.603 F,Niedax,SRC-NIEDAX-KL-CURRENT,1
MP-OBO-LCIS630,manufacturer_part_number,6209723,OBO,SRC-OBO-LCIS630,1
MP-OBO-LCIS630,other,LCIS 630 3 FT,OBO type,SRC-OBO-LCIS630,0
MP-OBO-LCIS640,manufacturer_part_number,6209725,OBO,SRC-OBO-LCIS640,1
MP-OBO-LCIS640,other,LCIS 640 3 FT,OBO type,SRC-OBO-LCIS640,0
MP-OBO-LCIS650,manufacturer_part_number,6209727,OBO,SRC-OBO-LCIS650,1
MP-OBO-LCIS650,other,LCIS 650 3 FT,OBO type,SRC-OBO-LCIS650,0
MP-OBO-LCIS660,manufacturer_part_number,6209729,OBO,SRC-OBO-LCIS660,1
MP-OBO-LCIS660,other,LCIS 660 3 FT,OBO type,SRC-OBO-LCIS660,0
MP-ATKORE-LEK101RHG,manufacturer_part_number,LEK101RHG,Atkore Australia,SRC-ATKORE-LEK101RHG,1
MP-ATKORE-LEK101RHG,other,4000609,Atkore material number,SRC-ATKORE-LEK101RHG,0
MP-ATKORE-LEK101RHG,other,20B-150H,Atkore New Zealand catalogue,SRC-ATKORE-NEMA20B-DATASHEET,0
MP-ATKORE-LEK103RHG,manufacturer_part_number,LEK103RHG,Atkore Australia,SRC-ATKORE-LEK103RHG,1
MP-ATKORE-LEK103RHG,other,4000611,Atkore material number,SRC-ATKORE-LEK103RHG,0
MP-ATKORE-LEK103RHG,other,20B-300H,Atkore New Zealand catalogue,SRC-ATKORE-NEMA20B-DATASHEET,0
MP-ATKORE-LEK104RHG,manufacturer_part_number,LEK104RHG,Atkore Australia,SRC-ATKORE-LEK104RHG,1
MP-ATKORE-LEK104RHG,other,4000613,Atkore material number,SRC-ATKORE-LEK104RHG,0
MP-ATKORE-LEK104RHG,other,20B-450H,Atkore New Zealand catalogue,SRC-ATKORE-NEMA20B-DATASHEET,0
MP-ATKORE-LEK106RHG,manufacturer_part_number,LEK106RHG,Atkore Australia,SRC-ATKORE-LEK106RHG,1
MP-ATKORE-LEK106RHG,other,4002038,Atkore material number,SRC-ATKORE-LEK106RHG,0
MP-BOSSARD-1049860,manufacturer_part_number,1049860,Bossard,SRC-BOSSARD-BN56,1
MP-BOSSARD-1049860,other,BN 56,Bossard base product,SRC-BOSSARD-BN56,0
MP-WUERTH-00578-30,manufacturer_part_number,00578 30,Würth,SRC-WUERTH-00578-30,1
MP-FABORY-01210080030,manufacturer_part_number,01210.080.030,Fabory,SRC-FABORY-01210080030,1
MP-FABORY-01210080030,other,950351067646,Fabory UBB,SRC-FABORY-01210080030,0
MP-ATKORE-LEK106RHG,other,20B-600H,Atkore New Zealand catalogue,SRC-ATKORE-NEMA20B-DATASHEET,0
MP-BOELLHOFF-401788VZD830,manufacturer_part_number,40178.8VZD830,Böllhoff,SRC-BOELLHOFF-401788VZD830,1
MP-OGLAEND-1371511,manufacturer_part_number,1371511,Øglænd System,SRC-OGLAEND-1371511,1
MP-OGLAEND-1371511,other,2272769,Hilti,SRC-OGLAEND-1371511,0
MP-OBO-LCIS620,manufacturer_part_number,6209721,OBO,SRC-OBO-LCIS620,1
MP-OBO-LCIS620,other,LCIS 620 3 FT,OBO type,SRC-OBO-LCIS620,0
