rule_id,profile_id,property_id,comparison_method,quantity_kind,absolute_tolerance_base,relative_tolerance,version_label,rationale
NUM-CABLE-NOMINAL-WIDTH-1,PROFILE-CABLE-LADDER-STRAIGHT-STEEL-0.1,PROP-NOMINAL-WIDTH,absolute_or_relative,length,0,0.02,1.0,"Nominal metric and inch market classes may differ by up to two percent; this rule never substitutes for overall width."
NUM-CABLE-OVERALL-WIDTH-1,PROFILE-CABLE-LADDER-STRAIGHT-STEEL-0.1,PROP-OVERALL-WIDTH,absolute_or_relative,length,0.001,0.001,1.0,"Allows documented representation rounding only; it is not a manufacturing tolerance."
NUM-CABLE-RAIL-HEIGHT-1,PROFILE-CABLE-LADDER-STRAIGHT-STEEL-0.1,PROP-SIDE-RAIL-HEIGHT,absolute_or_relative,length,0.001,0.001,1.0,"Allows documented representation rounding only; it is not a manufacturing tolerance."
NUM-CABLE-LENGTH-1,PROFILE-CABLE-LADDER-STRAIGHT-STEEL-0.1,PROP-LENGTH,absolute_or_relative,length,0.003,0.001,1.0,"Allows a ten-foot or three-metre length rounded to one decimal inch; larger differences remain conflicts."
NUM-CABLE-RUNG-SPACING-1,PROFILE-CABLE-LADDER-STRAIGHT-STEEL-0.1,PROP-RUNG-SPACING,absolute_or_relative,length,0.001,0.001,1.0,"Allows documented representation rounding only; it is not a manufacturing tolerance."
NUM-FASTENER-LENGTH-1,PROFILE-FASTENER-HEX-FULL-ISO4017-0.1,PROP-FASTENER-LENGTH,absolute_or_relative,length,0.00001,0,1.0,"Ten micrometres permits decimal serialization noise but not a different nominal fastener length."
NUM-FASTENER-AF-1,PROFILE-FASTENER-HEX-FULL-ISO4017-0.1,PROP-WIDTH-ACROSS-FLATS,absolute_or_relative,length,0.00001,0,1.0,"Ten micrometres permits decimal serialization noise but not a different wrench interface."
NUM-FASTENER-HEAD-HEIGHT-1,PROFILE-FASTENER-HEX-FULL-ISO4017-0.1,PROP-HEAD-HEIGHT,absolute_or_relative,length,0.00001,0,1.0,"Ten micrometres permits decimal serialization noise but not different head geometry."
NUM-MESH-NOMINAL-WIDTH-1,PROFILE-WIRE-MESH-BASKET-STRAIGHT-STEEL-0.1,PROP-NOMINAL-WIDTH,absolute_or_relative,length,0,0.02,1.0,"Nominal metric and inch tray classes may differ by up to two percent; overall width remains independently defining."
NUM-MESH-OVERALL-WIDTH-1,PROFILE-WIRE-MESH-BASKET-STRAIGHT-STEEL-0.1,PROP-OVERALL-WIDTH,absolute_or_relative,length,0.001,0.001,1.0,"Allows documented representation rounding only; it is not a manufacturing tolerance."
NUM-MESH-NOMINAL-HEIGHT-1,PROFILE-WIRE-MESH-BASKET-STRAIGHT-STEEL-0.1,PROP-NOMINAL-HEIGHT,absolute_or_relative,length,0,0.02,1.0,"Nominal metric and inch tray classes may differ by up to two percent; overall height remains independently defining."
NUM-MESH-OVERALL-HEIGHT-1,PROFILE-WIRE-MESH-BASKET-STRAIGHT-STEEL-0.1,PROP-OVERALL-HEIGHT,absolute_or_relative,length,0.001,0.001,1.0,"Allows documented representation rounding only; it is not a manufacturing tolerance."
NUM-MESH-LENGTH-1,PROFILE-WIRE-MESH-BASKET-STRAIGHT-STEEL-0.1,PROP-LENGTH,absolute_or_relative,length,0.003,0.001,1.0,"Allows a ten-foot or three-metre section rounded to one decimal inch; larger differences remain conflicts."
NUM-MESH-CROSS-WIRE-1,PROFILE-WIRE-MESH-BASKET-STRAIGHT-STEEL-0.1,PROP-CROSS-WIRE-DIAMETER,absolute_or_relative,length,0.00005,0,1.0,"Fifty micrometres permits stated decimal rounding but preserves materially different wire construction."
NUM-MESH-TOP-WIRE-1,PROFILE-WIRE-MESH-BASKET-STRAIGHT-STEEL-0.1,PROP-TOP-LONGITUDINAL-WIRE-DIAMETER,absolute_or_relative,length,0.00005,0,1.0,"Fifty micrometres permits stated decimal rounding but preserves materially different edge-wire construction."
NUM-MESH-OTHER-WIRE-1,PROFILE-WIRE-MESH-BASKET-STRAIGHT-STEEL-0.1,PROP-OTHER-LONGITUDINAL-WIRE-DIAMETER,absolute_or_relative,length,0.00005,0,1.0,"Fifty micrometres permits stated decimal rounding but preserves materially different longitudinal-wire construction."
NUM-MESH-LONG-SPACING-1,PROFILE-WIRE-MESH-BASKET-STRAIGHT-STEEL-0.1,PROP-MESH-LONGITUDINAL-SPACING,absolute_or_relative,length,0.001,0.001,1.0,"One millimetre permits representation rounding without treating 100 mm and four inches as proven identical geometry."
NUM-MESH-TRANS-SPACING-1,PROFILE-WIRE-MESH-BASKET-STRAIGHT-STEEL-0.1,PROP-MESH-TRANSVERSE-SPACING,absolute_or_relative,length,0.001,0.001,1.0,"One millimetre permits representation rounding without treating 50 mm and two inches as proven identical geometry."
NUM-BEARING-BORE-1,PROFILE-BEARING-DGBB-1R-DOUBLE-METAL-SHIELD-0.1,PROP-BORE-DIAMETER,absolute_or_relative,length,0.000001,0,1.0,"One micrometre permits serialization noise only; published bearing boundary dimensions must otherwise agree exactly."
NUM-BEARING-OD-1,PROFILE-BEARING-DGBB-1R-DOUBLE-METAL-SHIELD-0.1,PROP-OUTSIDE-DIAMETER,absolute_or_relative,length,0.000001,0,1.0,"One micrometre permits serialization noise only; published bearing boundary dimensions must otherwise agree exactly."
NUM-BEARING-WIDTH-1,PROFILE-BEARING-DGBB-1R-DOUBLE-METAL-SHIELD-0.1,PROP-BEARING-WIDTH,absolute_or_relative,length,0.000001,0,1.0,"One micrometre permits serialization noise only; published bearing boundary dimensions must otherwise agree exactly."
