screening_id,left_part_id,right_part_id,profile_id,algorithm_version,blocking_keys,compared_properties,matched_properties,conflicting_properties,missing_properties,score,result,generated_at
SCREEN-000001,MP-ATKORE-LEK103RHG,MP-LEGRAND-ZL300G6M,PROFILE-CABLE-LADDER-STRAIGHT-STEEL-0.1,cable-ladder-screen-0.2,PROP-FORM;PROP-NOMINAL-WIDTH;PROP-LENGTH;PROP-MATERIAL;PROP-SURFACE-PROTECTION;PROP-RUNG-SPACING,PROP-FORM;PROP-NOMINAL-WIDTH;PROP-LENGTH;PROP-SURFACE-PROTECTION;PROP-RUNG-SPACING;PROP-OVERALL-WIDTH;PROP-SIDE-RAIL-HEIGHT;PROP-SIDE-RAIL-PROFILE;PROP-DUTY-SERIES,PROP-FORM;PROP-NOMINAL-WIDTH;PROP-LENGTH;PROP-SURFACE-PROTECTION;PROP-RUNG-SPACING,PROP-OVERALL-WIDTH;PROP-SIDE-RAIL-HEIGHT;PROP-SIDE-RAIL-PROFILE;PROP-DUTY-SERIES,PROP-MATERIAL;PROP-RUNG-PROFILE;PROP-RUNG-ATTACHMENT;PROP-SIDE-PERFORATION;PROP-SPLICES-INCLUDED,0.555556,hard_conflict,2026-09-30
SCREEN-000002,MP-ATKORE-LEK103RHG,MP-NIEDAX-KL100303F,PROFILE-CABLE-LADDER-STRAIGHT-STEEL-0.1,cable-ladder-screen-0.2,PROP-FORM;PROP-NOMINAL-WIDTH;PROP-LENGTH;PROP-MATERIAL;PROP-SURFACE-PROTECTION;PROP-RUNG-SPACING,PROP-FORM;PROP-NOMINAL-WIDTH;PROP-OVERALL-WIDTH;PROP-LENGTH;PROP-SURFACE-PROTECTION;PROP-RUNG-SPACING;PROP-SIDE-RAIL-HEIGHT;PROP-SIDE-RAIL-PROFILE;PROP-DUTY-SERIES,PROP-FORM;PROP-NOMINAL-WIDTH;PROP-OVERALL-WIDTH;PROP-LENGTH;PROP-SURFACE-PROTECTION;PROP-RUNG-SPACING,PROP-SIDE-RAIL-HEIGHT;PROP-SIDE-RAIL-PROFILE;PROP-DUTY-SERIES,PROP-MATERIAL;PROP-RUNG-PROFILE;PROP-RUNG-ATTACHMENT;PROP-SIDE-PERFORATION;PROP-SPLICES-INCLUDED,0.666667,hard_conflict,2026-09-30
SCREEN-000003,MP-ATKORE-LEK104RHG,MP-LEGRAND-ZL450G6M,PROFILE-CABLE-LADDER-STRAIGHT-STEEL-0.1,cable-ladder-screen-0.2,PROP-FORM;PROP-NOMINAL-WIDTH;PROP-LENGTH;PROP-MATERIAL;PROP-SURFACE-PROTECTION;PROP-RUNG-SPACING,PROP-FORM;PROP-NOMINAL-WIDTH;PROP-LENGTH;PROP-SURFACE-PROTECTION;PROP-RUNG-SPACING;PROP-OVERALL-WIDTH;PROP-SIDE-RAIL-HEIGHT;PROP-SIDE-RAIL-PROFILE;PROP-DUTY-SERIES,PROP-FORM;PROP-NOMINAL-WIDTH;PROP-LENGTH;PROP-SURFACE-PROTECTION;PROP-RUNG-SPACING,PROP-OVERALL-WIDTH;PROP-SIDE-RAIL-HEIGHT;PROP-SIDE-RAIL-PROFILE;PROP-DUTY-SERIES,PROP-MATERIAL;PROP-RUNG-PROFILE;PROP-RUNG-ATTACHMENT;PROP-SIDE-PERFORATION;PROP-SPLICES-INCLUDED,0.555556,hard_conflict,2026-09-30
SCREEN-000004,MP-ATKORE-LEK106RHG,MP-LEGRAND-ZL600G6M,PROFILE-CABLE-LADDER-STRAIGHT-STEEL-0.1,cable-ladder-screen-0.2,PROP-FORM;PROP-NOMINAL-WIDTH;PROP-LENGTH;PROP-MATERIAL;PROP-SURFACE-PROTECTION;PROP-RUNG-SPACING,PROP-FORM;PROP-NOMINAL-WIDTH;PROP-LENGTH;PROP-SURFACE-PROTECTION;PROP-RUNG-SPACING;PROP-OVERALL-WIDTH;PROP-SIDE-RAIL-HEIGHT;PROP-SIDE-RAIL-PROFILE;PROP-DUTY-SERIES,PROP-FORM;PROP-NOMINAL-WIDTH;PROP-LENGTH;PROP-SURFACE-PROTECTION;PROP-RUNG-SPACING,PROP-OVERALL-WIDTH;PROP-SIDE-RAIL-HEIGHT;PROP-SIDE-RAIL-PROFILE;PROP-DUTY-SERIES,PROP-MATERIAL;PROP-RUNG-PROFILE;PROP-RUNG-ATTACHMENT;PROP-SIDE-PERFORATION;PROP-SPLICES-INCLUDED,0.555556,hard_conflict,2026-09-30
SCREEN-000005,MP-ATKORE-LEK106RHG,MP-NIEDAX-KL100603F,PROFILE-CABLE-LADDER-STRAIGHT-STEEL-0.1,cable-ladder-screen-0.2,PROP-FORM;PROP-NOMINAL-WIDTH;PROP-LENGTH;PROP-MATERIAL;PROP-SURFACE-PROTECTION;PROP-RUNG-SPACING,PROP-FORM;PROP-NOMINAL-WIDTH;PROP-OVERALL-WIDTH;PROP-LENGTH;PROP-SURFACE-PROTECTION;PROP-RUNG-SPACING;PROP-SIDE-RAIL-HEIGHT;PROP-SIDE-RAIL-PROFILE;PROP-DUTY-SERIES,PROP-FORM;PROP-NOMINAL-WIDTH;PROP-OVERALL-WIDTH;PROP-LENGTH;PROP-SURFACE-PROTECTION;PROP-RUNG-SPACING,PROP-SIDE-RAIL-HEIGHT;PROP-SIDE-RAIL-PROFILE;PROP-DUTY-SERIES,PROP-MATERIAL;PROP-RUNG-PROFILE;PROP-RUNG-ATTACHMENT;PROP-SIDE-PERFORATION;PROP-SPLICES-INCLUDED,0.666667,hard_conflict,2026-09-30
SCREEN-000006,MP-BOSSARD-1049860,MP-WUERTH-00578-30,PROFILE-FASTENER-HEX-FULL-ISO4017-0.1,iso4017-hex-screen-0.1,PROP-FASTENER-STANDARD;PROP-THREAD-DIAMETER;PROP-FASTENER-LENGTH;PROP-THREAD-EXTENT;PROP-HEAD-FORM;PROP-DRIVE-FORM;PROP-FASTENER-MATERIAL;PROP-PROPERTY-CLASS;PROP-FASTENER-SURFACE,PROP-FASTENER-STANDARD;PROP-THREAD-DIAMETER;PROP-FASTENER-LENGTH;PROP-THREAD-EXTENT;PROP-HEAD-FORM;PROP-DRIVE-FORM;PROP-WIDTH-ACROSS-FLATS;PROP-HEAD-HEIGHT;PROP-PROPERTY-CLASS;PROP-FASTENER-MATERIAL;PROP-FASTENER-SURFACE,PROP-FASTENER-STANDARD;PROP-THREAD-DIAMETER;PROP-FASTENER-LENGTH;PROP-THREAD-EXTENT;PROP-HEAD-FORM;PROP-DRIVE-FORM;PROP-WIDTH-ACROSS-FLATS;PROP-HEAD-HEIGHT;PROP-PROPERTY-CLASS;PROP-FASTENER-MATERIAL;PROP-FASTENER-SURFACE,none,PROP-THREAD-PITCH;PROP-COATING-SPEC;PROP-PRODUCT-CLASS,1.000000,insufficient_evidence,2026-09-30
SCREEN-000007,MP-LEGRAND-ZL300G6M,MP-NIEDAX-KL100303F,PROFILE-CABLE-LADDER-STRAIGHT-STEEL-0.1,cable-ladder-screen-0.2,PROP-FORM;PROP-NOMINAL-WIDTH;PROP-LENGTH;PROP-MATERIAL;PROP-SURFACE-PROTECTION;PROP-RUNG-SPACING,PROP-FORM;PROP-NOMINAL-WIDTH;PROP-SIDE-RAIL-HEIGHT;PROP-LENGTH;PROP-MATERIAL;PROP-SURFACE-PROTECTION;PROP-RUNG-SPACING;PROP-OVERALL-WIDTH;PROP-RUNG-PROFILE;PROP-RUNG-ATTACHMENT;PROP-SIDE-RAIL-PROFILE;PROP-SIDE-PERFORATION;PROP-DUTY-SERIES,PROP-FORM;PROP-NOMINAL-WIDTH;PROP-SIDE-RAIL-HEIGHT;PROP-LENGTH;PROP-MATERIAL;PROP-SURFACE-PROTECTION;PROP-RUNG-SPACING,PROP-OVERALL-WIDTH;PROP-RUNG-PROFILE;PROP-RUNG-ATTACHMENT;PROP-SIDE-RAIL-PROFILE;PROP-SIDE-PERFORATION;PROP-DUTY-SERIES,PROP-SPLICES-INCLUDED,0.538462,hard_conflict,2026-09-30
SCREEN-000008,MP-LEGRAND-ZL600G,MP-OBO-LCIS660,PROFILE-CABLE-LADDER-STRAIGHT-STEEL-0.1,cable-ladder-screen-0.2,PROP-FORM;PROP-NOMINAL-WIDTH;PROP-LENGTH;PROP-MATERIAL;PROP-SURFACE-PROTECTION;PROP-RUNG-SPACING,PROP-FORM;PROP-NOMINAL-WIDTH;PROP-LENGTH;PROP-MATERIAL;PROP-SURFACE-PROTECTION;PROP-RUNG-SPACING;PROP-RUNG-ATTACHMENT;PROP-OVERALL-WIDTH;PROP-SIDE-RAIL-HEIGHT;PROP-RUNG-PROFILE;PROP-SIDE-RAIL-PROFILE;PROP-SIDE-PERFORATION;PROP-DUTY-SERIES,PROP-FORM;PROP-NOMINAL-WIDTH;PROP-LENGTH;PROP-MATERIAL;PROP-SURFACE-PROTECTION;PROP-RUNG-SPACING;PROP-RUNG-ATTACHMENT,PROP-OVERALL-WIDTH;PROP-SIDE-RAIL-HEIGHT;PROP-RUNG-PROFILE;PROP-SIDE-RAIL-PROFILE;PROP-SIDE-PERFORATION;PROP-DUTY-SERIES,PROP-SPLICES-INCLUDED,0.538462,hard_conflict,2026-09-30
SCREEN-000009,MP-LEGRAND-ZL600G,MP-OGLAEND-1371515,PROFILE-CABLE-LADDER-STRAIGHT-STEEL-0.1,cable-ladder-screen-0.2,PROP-FORM;PROP-NOMINAL-WIDTH;PROP-LENGTH;PROP-MATERIAL;PROP-SURFACE-PROTECTION;PROP-RUNG-SPACING,PROP-FORM;PROP-NOMINAL-WIDTH;PROP-LENGTH;PROP-MATERIAL;PROP-RUNG-SPACING;PROP-OVERALL-WIDTH;PROP-SIDE-RAIL-HEIGHT;PROP-RUNG-PROFILE;PROP-RUNG-ATTACHMENT;PROP-SIDE-RAIL-PROFILE;PROP-SIDE-PERFORATION;PROP-DUTY-SERIES,PROP-FORM;PROP-NOMINAL-WIDTH;PROP-LENGTH;PROP-MATERIAL;PROP-RUNG-SPACING,PROP-OVERALL-WIDTH;PROP-SIDE-RAIL-HEIGHT;PROP-RUNG-PROFILE;PROP-RUNG-ATTACHMENT;PROP-SIDE-RAIL-PROFILE;PROP-SIDE-PERFORATION;PROP-DUTY-SERIES,PROP-SURFACE-PROTECTION;PROP-SPLICES-INCLUDED,0.416667,hard_conflict,2026-09-30
SCREEN-000010,MP-LEGRAND-ZL600G6M,MP-NIEDAX-KL100603F,PROFILE-CABLE-LADDER-STRAIGHT-STEEL-0.1,cable-ladder-screen-0.2,PROP-FORM;PROP-NOMINAL-WIDTH;PROP-LENGTH;PROP-MATERIAL;PROP-SURFACE-PROTECTION;PROP-RUNG-SPACING,PROP-FORM;PROP-NOMINAL-WIDTH;PROP-SIDE-RAIL-HEIGHT;PROP-LENGTH;PROP-MATERIAL;PROP-SURFACE-PROTECTION;PROP-RUNG-SPACING;PROP-OVERALL-WIDTH;PROP-RUNG-PROFILE;PROP-RUNG-ATTACHMENT;PROP-SIDE-RAIL-PROFILE;PROP-SIDE-PERFORATION;PROP-DUTY-SERIES,PROP-FORM;PROP-NOMINAL-WIDTH;PROP-SIDE-RAIL-HEIGHT;PROP-LENGTH;PROP-MATERIAL;PROP-SURFACE-PROTECTION;PROP-RUNG-SPACING,PROP-OVERALL-WIDTH;PROP-RUNG-PROFILE;PROP-RUNG-ATTACHMENT;PROP-SIDE-RAIL-PROFILE;PROP-SIDE-PERFORATION;PROP-DUTY-SERIES,PROP-SPLICES-INCLUDED,0.538462,hard_conflict,2026-09-30
SCREEN-000011,MP-OBO-LCIS630,MP-OGLAEND-1371512,PROFILE-CABLE-LADDER-STRAIGHT-STEEL-0.1,cable-ladder-screen-0.2,PROP-FORM;PROP-NOMINAL-WIDTH;PROP-LENGTH;PROP-MATERIAL;PROP-SURFACE-PROTECTION;PROP-RUNG-SPACING,PROP-FORM;PROP-NOMINAL-WIDTH;PROP-OVERALL-WIDTH;PROP-LENGTH;PROP-MATERIAL;PROP-RUNG-SPACING;PROP-SIDE-RAIL-HEIGHT;PROP-RUNG-PROFILE;PROP-RUNG-ATTACHMENT;PROP-SIDE-RAIL-PROFILE;PROP-SIDE-PERFORATION;PROP-DUTY-SERIES,PROP-FORM;PROP-NOMINAL-WIDTH;PROP-OVERALL-WIDTH;PROP-LENGTH;PROP-MATERIAL;PROP-RUNG-SPACING,PROP-SIDE-RAIL-HEIGHT;PROP-RUNG-PROFILE;PROP-RUNG-ATTACHMENT;PROP-SIDE-RAIL-PROFILE;PROP-SIDE-PERFORATION;PROP-DUTY-SERIES,PROP-SURFACE-PROTECTION;PROP-SPLICES-INCLUDED,0.500000,hard_conflict,2026-09-30
SCREEN-000012,MP-OBO-LCIS640,MP-OGLAEND-1371513,PROFILE-CABLE-LADDER-STRAIGHT-STEEL-0.1,cable-ladder-screen-0.2,PROP-FORM;PROP-NOMINAL-WIDTH;PROP-LENGTH;PROP-MATERIAL;PROP-SURFACE-PROTECTION;PROP-RUNG-SPACING,PROP-FORM;PROP-NOMINAL-WIDTH;PROP-OVERALL-WIDTH;PROP-LENGTH;PROP-MATERIAL;PROP-RUNG-SPACING;PROP-SIDE-RAIL-HEIGHT;PROP-RUNG-PROFILE;PROP-RUNG-ATTACHMENT;PROP-SIDE-RAIL-PROFILE;PROP-SIDE-PERFORATION;PROP-DUTY-SERIES,PROP-FORM;PROP-NOMINAL-WIDTH;PROP-OVERALL-WIDTH;PROP-LENGTH;PROP-MATERIAL;PROP-RUNG-SPACING,PROP-SIDE-RAIL-HEIGHT;PROP-RUNG-PROFILE;PROP-RUNG-ATTACHMENT;PROP-SIDE-RAIL-PROFILE;PROP-SIDE-PERFORATION;PROP-DUTY-SERIES,PROP-SURFACE-PROTECTION;PROP-SPLICES-INCLUDED,0.500000,hard_conflict,2026-09-30
SCREEN-000013,MP-OBO-LCIS650,MP-OGLAEND-1371514,PROFILE-CABLE-LADDER-STRAIGHT-STEEL-0.1,cable-ladder-screen-0.2,PROP-FORM;PROP-NOMINAL-WIDTH;PROP-LENGTH;PROP-MATERIAL;PROP-SURFACE-PROTECTION;PROP-RUNG-SPACING,PROP-FORM;PROP-NOMINAL-WIDTH;PROP-OVERALL-WIDTH;PROP-LENGTH;PROP-MATERIAL;PROP-RUNG-SPACING;PROP-SIDE-RAIL-HEIGHT;PROP-RUNG-PROFILE;PROP-RUNG-ATTACHMENT;PROP-SIDE-RAIL-PROFILE;PROP-SIDE-PERFORATION;PROP-DUTY-SERIES,PROP-FORM;PROP-NOMINAL-WIDTH;PROP-OVERALL-WIDTH;PROP-LENGTH;PROP-MATERIAL;PROP-RUNG-SPACING,PROP-SIDE-RAIL-HEIGHT;PROP-RUNG-PROFILE;PROP-RUNG-ATTACHMENT;PROP-SIDE-RAIL-PROFILE;PROP-SIDE-PERFORATION;PROP-DUTY-SERIES,PROP-SURFACE-PROTECTION;PROP-SPLICES-INCLUDED,0.500000,hard_conflict,2026-09-30
SCREEN-000014,MP-OBO-LCIS660,MP-OGLAEND-1371515,PROFILE-CABLE-LADDER-STRAIGHT-STEEL-0.1,cable-ladder-screen-0.2,PROP-FORM;PROP-NOMINAL-WIDTH;PROP-LENGTH;PROP-MATERIAL;PROP-SURFACE-PROTECTION;PROP-RUNG-SPACING,PROP-FORM;PROP-NOMINAL-WIDTH;PROP-OVERALL-WIDTH;PROP-LENGTH;PROP-MATERIAL;PROP-RUNG-SPACING;PROP-SIDE-RAIL-HEIGHT;PROP-RUNG-PROFILE;PROP-RUNG-ATTACHMENT;PROP-SIDE-RAIL-PROFILE;PROP-SIDE-PERFORATION;PROP-DUTY-SERIES,PROP-FORM;PROP-NOMINAL-WIDTH;PROP-OVERALL-WIDTH;PROP-LENGTH;PROP-MATERIAL;PROP-RUNG-SPACING,PROP-SIDE-RAIL-HEIGHT;PROP-RUNG-PROFILE;PROP-RUNG-ATTACHMENT;PROP-SIDE-RAIL-PROFILE;PROP-SIDE-PERFORATION;PROP-DUTY-SERIES,PROP-SURFACE-PROTECTION;PROP-SPLICES-INCLUDED,0.500000,hard_conflict,2026-09-30
