source_id,publisher_name,title,source_url,source_type,authority_tier,access_state,license_state,license_url,version_label,publication_date,retrieved_at,ingestion_status,notes
SRC-IEC-CDD,International Electrotechnical Commission,IEC Common Data Dictionary,https://tc3.iec.ch/tc-activity/common-data-dictionary-cdd/,dictionary,1,public,review_required,,current,,2026-09-30,metadata_only,"Authoritative industrial concept dictionary; confirm reuse terms before bulk ingestion."
SRC-IEC-61360-7,International Electrotechnical Commission,IEC 61360-7:2024,https://webstore.iec.ch/en/publication/72956,standard,1,purchase,restricted,,2024,2024,2026-09-30,metadata_only,"Authoritative metadata only; standard text is not licensed for ingestion."
SRC-ISO-29002,International Organization for Standardization,ISO 29002:2026,https://www.iso.org/standard/86100.html?browse=tc,standard,1,purchase,restricted,,2026,2026,2026-09-30,metadata_only,"Authoritative metadata only; standard text is not licensed for ingestion."
SRC-ISO-8000-110,International Organization for Standardization,ISO 8000-110:2021,https://www.iso.org/standard/78501.html?browse=tc,standard,1,purchase,restricted,,2021,2021-11,2026-09-30,metadata_only,"Use as data-quality guidance only unless licensed."
SRC-ISO-22745,International Organization for Standardization,ISO 22745 series catalogue,https://www.iso.org/committee/54158/x/catalogue/,standard,1,public,restricted,,current,,2026-09-30,metadata_only,"Catalogue metadata is public; standards content requires appropriate access."
SRC-ETIM-MODEL,ETIM International,ETIM model information,https://www.etim-international.com/classification/model-information/,classification,1,public,attribution,https://www.etim-international.com/classification/license-info/,10.0,2024-12,2026-09-30,license_verified,"Model and releases are offered under the Open Data Commons Attribution License; retain attribution and version."
SRC-UNSPSC,United Nations Development Programme,United Nations Standard Products and Services Code,https://www.undp.org/unspsc,classification,1,public,open,,current,,2026-09-30,license_review,"UNDP states the current code can be browsed and downloaded free; verify redistribution wording before republishing derived extracts."
SRC-UNECE-REC20,United Nations Economic Commission for Europe,Recommendation 20 Units of Measure,https://unece.org/code-list-recommendations,dictionary,1,public,review_required,,current,,2026-09-30,license_review,"Use official unit codes after confirming redistribution terms for the downloaded list."
SRC-NATO-NCS,NATO AC/135,NATO Codification System overview,https://eportal.nspa.nato.int/ac135/ncs/capabilities,dictionary,1,public,review_required,,current,,2026-09-30,metadata_only,"Authoritative model for items of supply versus items of production; database access is separate."
SRC-NATO-ACODP1,NATO AC/135,NATO Manual on Codification ACodP-1,https://www.nato.int/structur/AC/135/pdf/ACodP1_E.pdf,standard,1,public,review_required,,current,,2026-09-30,reference_only,"Public official manual; copyright and reuse conditions must be checked before extraction."
SRC-GS1-GPC,GS1,Global Product Classification browser,https://gpc-browser.gs1.org/?lang=en&publ=gdsn,classification,1,public,review_required,,current,,2026-09-30,license_review,"Public browser and package link observed; bulk-use terms not yet verified."
SRC-ECLASS,ECLASS e.V.,ECLASS Standard,https://eclass.eu/en/,classification,1,purchase,restricted,https://eclass.eu/en/eclass-standard/prices,16.0,,2026-09-30,blocked,"Official releases and API access require the applicable licence; do not ingest without one."
