mapping_id,specification_id,property_id,controlled_value_id,mapping_basis,mapping_state,rationale,proposed_by,proposed_at,reviewer,reviewed_at,policy_version
MAP-NSK-6204ZZ-GEOMETRY,SPEC-NSK-6204ZZ-GEOMETRY,PROP-BEARING-GEOMETRY,CV-BEARING-GEOMETRY-SR-DGBB,source_exact,proposed,Exact article construction heading; independent review outstanding.,registry-research,2026-10-01,,,0.1
MAP-NSK-6204ZZ-CLEARANCE,SPEC-NSK-6204ZZ-CLEARANCE,PROP-RADIAL-INTERNAL-CLEARANCE,CV-BEARING-CLEARANCE-CN,source_exact,proposed,Exact Singapore article property CN; not variant or family default.,registry-research,2026-10-01,,,0.1
MAP-NSK-6204ZZ-TOLERANCE,SPEC-NSK-6204ZZ-TOLERANCE,PROP-BEARING-TOLERANCE-CLASS,CV-BEARING-TOLERANCE-P0,source_exact,proposed,Exact Singapore article property P0; regional ISO NORMAL CLASS wording not crosswalked.,registry-research,2026-10-01,,,0.1
MAP-NSK-6204ZZ-CAGE,SPEC-NSK-6204ZZ-CAGE,PROP-CAGE-CONSTRUCTION,CV-BEARING-CAGE-PRESSED-STEEL,source_exact,proposed,Exact article pressed steel cage property; no transfer to clearance variants.,registry-research,2026-10-01,,,0.1
MAP-NTN-6205ZZ-TOLERANCE,SPEC-NTN-6205ZZ-TOLERANCE,PROP-BEARING-TOLERANCE-CLASS,CV-BEARING-TOLERANCE-P0,manufacturer_definition,proposed,"Raw article ISO Class 0 wording retained. SRC-NTN-2203-CODES Table 5.2 defines NTN P0 as JIS Class 0; SRC-NTN-2203-TOLERANCES Tables 6.1/6.2 link deep-groove Class 0 applicability and P0/ISO Normal comparison. Mixed Class 0/6 and Normal/Class 6X table cells retained. Proposed manufacturer interpretation only; no current normative edition or full item equivalence approved.",registry-research,2026-10-01,,,0.1
MAP-NTN-6205ZZ-CLOSURE,SPEC-NTN-6205ZZ-CLOSURE,PROP-BEARING-CLOSURE,CV-BEARING-CLOSURE-DOUBLE-NONCONTACT-METAL,manufacturer_definition,proposed,"Article says Double Shielded and exact designation 6205ZZ. SRC-NTN-SHIELD-SEAL-3015 PDF page 3 Table 1 defines ZZ non-contact metal shields and double-shield note; page 7 6205 row includes ZZ. Checksum-bound extraction in ntn-shield-seal-corroboration.json. No full identity or grease inferred.",registry-research,2026-10-01,,,0.1
MAP-SKF-6205-2Z-GEOMETRY,SPEC-SKF-6205-2Z-GEOMETRY,PROP-BEARING-GEOMETRY,CV-BEARING-GEOMETRY-SR-DGBB,source_exact,proposed,Exact product title states deep-groove ball bearing and single row.,registry-research,2026-09-30,,,0.1
MAP-SKF-6205-2Z-CLOSURE,SPEC-SKF-6205-2Z-CLOSURE,PROP-BEARING-CLOSURE,CV-BEARING-CLOSURE-DOUBLE-NONCONTACT-METAL,source_exact,proposed,Exact page states shields on both sides and non-contact sealing type.,registry-research,2026-09-30,,,0.1
MAP-SKF-6205-2Z-BORE-TYPE,SPEC-SKF-6205-2Z-BORE-TYPE,PROP-BORE-TYPE,CV-BEARING-BORE-CYLINDRICAL,source_exact,proposed,Exact page states cylindrical bore type.,registry-research,2026-09-30,,,0.1
MAP-SKF-6205-2Z-CLEARANCE,SPEC-SKF-6205-2Z-CLEARANCE,PROP-RADIAL-INTERNAL-CLEARANCE,CV-BEARING-CLEARANCE-CN,source_exact,proposed,Exact page states radial internal clearance preload group Cn.,registry-research,2026-09-30,,,0.1
MAP-SKF-6205-2Z-TOLERANCE,SPEC-SKF-6205-2Z-TOLERANCE,PROP-BEARING-TOLERANCE-CLASS,CV-BEARING-TOLERANCE-CLASS6-P6,source_exact,proposed,Exact page states tolerance group Class 6 (p6); no equivalence to another class is inferred.,registry-research,2026-09-30,,,0.1
MAP-SKF-6205-2Z-CAGE,SPEC-SKF-6205-2Z-CAGE,PROP-CAGE-CONSTRUCTION,CV-BEARING-CAGE-SHEET-METAL-UNSPECIFIED,source_exact,proposed,Exact page states only sheet metal and does not prove pressed steel.,registry-research,2026-09-30,,,0.1
MAP-SKF-6205-2Z-MATERIAL,SPEC-SKF-6205-2Z-MATERIAL,PROP-BEARING-MATERIAL,CV-BEARING-MATERIAL-BEARING-STEEL,source_exact,proposed,Exact page states bearing steel without a grade.,registry-research,2026-09-30,,,0.1
MAP-SKF-6205-2Z-LUBRICANT,SPEC-SKF-6205-2Z-LUBRICANT,PROP-SUPPLIED-LUBRICANT,CV-BEARING-LUBRICANT-GREASE-UNSPECIFIED,source_exact,proposed,Exact page states grease without a formulation.,registry-research,2026-09-30,,,0.1
MAP-SKF-6205-2Z-LOCATING,SPEC-SKF-6205-2Z-LOCATING,PROP-LOCATING-FEATURE,CV-BEARING-LOCATING-NONE,source_exact,proposed,Exact page states locating feature none.,registry-research,2026-09-30,,,0.1
MAP-NSK-6205ZZ-GEOMETRY,SPEC-NSK-6205ZZ-GEOMETRY,PROP-BEARING-GEOMETRY,CV-BEARING-GEOMETRY-SR-DGBB,source_exact,proposed,Exact product title states single-row deep-groove ball bearing.,registry-research,2026-09-30,,,0.1
MAP-NSK-6205ZZ-CLOSURE,SPEC-NSK-6205ZZ-CLOSURE,PROP-BEARING-CLOSURE,CV-BEARING-CLOSURE-DOUBLE-NONCONTACT-METAL,manufacturer_definition,proposed,Exact product properties define ZZ as shields on both sides; the page describes steel shields for this family.,registry-research,2026-09-30,,,0.1
MAP-NSK-6205ZZ-CLEARANCE,SPEC-NSK-6205ZZ-CLEARANCE,PROP-RADIAL-INTERNAL-CLEARANCE,CV-BEARING-CLEARANCE-CN,source_exact,proposed,Exact product property states radial internal clearance CN.,registry-research,2026-09-30,,,0.1
MAP-NSK-6205ZZ-TOLERANCE,SPEC-NSK-6205ZZ-TOLERANCE,PROP-BEARING-TOLERANCE-CLASS,CV-BEARING-TOLERANCE-P0,source_exact,proposed,Exact product property states tolerance P0; no equivalence to another class is inferred.,registry-research,2026-09-30,,,0.1
MAP-NSK-6205ZZ-CAGE,SPEC-NSK-6205ZZ-CAGE,PROP-CAGE-CONSTRUCTION,CV-BEARING-CAGE-PRESSED-STEEL,source_exact,proposed,Exact product property states pressed-steel cage.,registry-research,2026-09-30,,,0.1
MAP-NSK-6205ZZ-LOCATING,SPEC-NSK-6205ZZ-LOCATING,PROP-LOCATING-FEATURE,CV-BEARING-LOCATING-NONE,source_exact,proposed,Exact product property states design without N or NR locating variants.,registry-research,2026-09-30,,,0.1
