specification_id,observation_id,property_id,raw_value,normalized_text,normalized_number,unit_id,qualifier
SPEC-ZL450G-FORM,OBS-LEGRAND-ZL450G-20260930,PROP-FORM,Cable ladder straight length,straight_section,,,
SPEC-ZL450G-NOMW,OBS-LEGRAND-ZL450G-20260930,PROP-NOMINAL-WIDTH,450 mm,,450,UNIT-MM,from product name
SPEC-ZL450G-OVERW,OBS-LEGRAND-ZL450G-20260930,PROP-OVERALL-WIDTH,490 mm,,490,UNIT-MM,technical characteristics width
SPEC-ZL450G-HEIGHT,OBS-LEGRAND-ZL450G-20260930,PROP-SIDE-RAIL-HEIGHT,100 mm,,100,UNIT-MM,
SPEC-ZL450G-LENGTH,OBS-LEGRAND-ZL450G-20260930,PROP-LENGTH,3000 mm,,3000,UNIT-MM,
SPEC-ZL450G-MAT,OBS-LEGRAND-ZL450G-20260930,PROP-MATERIAL,Steel,steel,,,
SPEC-ZL450G-FINISH,OBS-LEGRAND-ZL450G-20260930,PROP-SURFACE-PROTECTION,Hot-dip galvanised,hot_dip_galvanized,,,
SPEC-ZL450G-RSPACE,OBS-LEGRAND-ZL450G-20260930,PROP-RUNG-SPACING,300 mm,,300,UNIT-MM,between centres
SPEC-ZL450G-RPROFILE,OBS-LEGRAND-ZL450G-20260930,PROP-RUNG-PROFILE,Perforated profile,perforated_profile,,,
SPEC-ZL450G-RATTACH,OBS-LEGRAND-ZL450G-20260930,PROP-RUNG-ATTACHMENT,Welded,welded,,,
SPEC-ZL450G-SPROFILE,OBS-LEGRAND-ZL450G-20260930,PROP-SIDE-RAIL-PROFILE,Profile (open),open_profile,,,
SPEC-ZL450G-SPERF,OBS-LEGRAND-ZL450G-20260930,PROP-SIDE-PERFORATION,Yes,yes,,,
SPEC-ZL450G-DUTY,OBS-LEGRAND-ZL450G-20260930,PROP-DUTY-SERIES,Medium duty,medium_duty,,,
SPEC-ZL450G-CIRCUIT,OBS-LEGRAND-ZL450G-20260930,PROP-CIRCUIT-INTEGRITY,No,false,,,
SPEC-ZL450G-AREA,OBS-LEGRAND-ZL450G-20260930,PROP-USABLE-CROSS-SECTION,29436 mm²,,29436,UNIT-MM2,
SPEC-ZL600G-FORM,OBS-LEGRAND-ZL600G-20260930,PROP-FORM,Cable ladder straight length,straight_section,,,
SPEC-ZL600G-NOMW,OBS-LEGRAND-ZL600G-20260930,PROP-NOMINAL-WIDTH,600 mm,,600,UNIT-MM,from product name
SPEC-ZL600G-OVERW,OBS-LEGRAND-ZL600G-20260930,PROP-OVERALL-WIDTH,640 mm,,640,UNIT-MM,technical characteristics width
SPEC-ZL600G-HEIGHT,OBS-LEGRAND-ZL600G-20260930,PROP-SIDE-RAIL-HEIGHT,100 mm,,100,UNIT-MM,
SPEC-ZL600G-LENGTH,OBS-LEGRAND-ZL600G-20260930,PROP-LENGTH,3000 mm,,3000,UNIT-MM,
SPEC-ZL600G-MAT,OBS-LEGRAND-ZL600G-20260930,PROP-MATERIAL,Steel,steel,,,
SPEC-ZL600G-FINISH,OBS-LEGRAND-ZL600G-20260930,PROP-SURFACE-PROTECTION,Hot-dip galvanised,hot_dip_galvanized,,,
SPEC-ZL600G-RSPACE,OBS-LEGRAND-ZL600G-20260930,PROP-RUNG-SPACING,300 mm,,300,UNIT-MM,between centres
SPEC-ZL600G-RPROFILE,OBS-LEGRAND-ZL600G-20260930,PROP-RUNG-PROFILE,Perforated profile,perforated_profile,,,
SPEC-ZL600G-RATTACH,OBS-LEGRAND-ZL600G-20260930,PROP-RUNG-ATTACHMENT,Welded,welded,,,
SPEC-ZL600G-SPROFILE,OBS-LEGRAND-ZL600G-20260930,PROP-SIDE-RAIL-PROFILE,Profile (open),open_profile,,,
SPEC-ZL600G-SPERF,OBS-LEGRAND-ZL600G-20260930,PROP-SIDE-PERFORATION,Yes,yes,,,
SPEC-ZL600G-DUTY,OBS-LEGRAND-ZL600G-20260930,PROP-DUTY-SERIES,Medium duty,medium_duty,,,
SPEC-ZL600G-CIRCUIT,OBS-LEGRAND-ZL600G-20260930,PROP-CIRCUIT-INTEGRITY,No,false,,,
SPEC-ZL600G-AREA,OBS-LEGRAND-ZL600G-20260930,PROP-USABLE-CROSS-SECTION,39336 mm²,,39336,UNIT-MM2,
SPEC-ZL750G-FORM,OBS-LEGRAND-ZL750G-20260930,PROP-FORM,Cable ladder straight length,straight_section,,,
SPEC-ZL750G-NOMW,OBS-LEGRAND-ZL750G-20260930,PROP-NOMINAL-WIDTH,750 mm,,750,UNIT-MM,from product name
SPEC-ZL750G-OVERW,OBS-LEGRAND-ZL750G-20260930,PROP-OVERALL-WIDTH,790 mm,,790,UNIT-MM,technical characteristics width
SPEC-ZL750G-HEIGHT,OBS-LEGRAND-ZL750G-20260930,PROP-SIDE-RAIL-HEIGHT,100 mm,,100,UNIT-MM,
SPEC-ZL750G-LENGTH,OBS-LEGRAND-ZL750G-20260930,PROP-LENGTH,3000 mm,,3000,UNIT-MM,
SPEC-ZL750G-MAT,OBS-LEGRAND-ZL750G-20260930,PROP-MATERIAL,Steel,steel,,,
SPEC-ZL750G-FINISH,OBS-LEGRAND-ZL750G-20260930,PROP-SURFACE-PROTECTION,Hot-dip galvanised,hot_dip_galvanized,,,
SPEC-ZL750G-RSPACE,OBS-LEGRAND-ZL750G-20260930,PROP-RUNG-SPACING,300 mm,,300,UNIT-MM,between centres
SPEC-ZL750G-RPROFILE,OBS-LEGRAND-ZL750G-20260930,PROP-RUNG-PROFILE,Perforated profile,perforated_profile,,,
SPEC-ZL750G-RATTACH,OBS-LEGRAND-ZL750G-20260930,PROP-RUNG-ATTACHMENT,Welded,welded,,,
SPEC-ZL750G-SPROFILE,OBS-LEGRAND-ZL750G-20260930,PROP-SIDE-RAIL-PROFILE,Profile (open),open_profile,,,
SPEC-ZL750G-SPERF,OBS-LEGRAND-ZL750G-20260930,PROP-SIDE-PERFORATION,Yes,yes,,,
SPEC-ZL750G-DUTY,OBS-LEGRAND-ZL750G-20260930,PROP-DUTY-SERIES,Medium duty,medium_duty,,,
SPEC-ZL750G-CIRCUIT,OBS-LEGRAND-ZL750G-20260930,PROP-CIRCUIT-INTEGRITY,No,false,,,
SPEC-ZL750G-AREA,OBS-LEGRAND-ZL750G-20260930,PROP-USABLE-CROSS-SECTION,49236 mm²,,49236,UNIT-MM2,
SPEC-OGL-1371512-FORM,OBS-OGLAEND-1371512-PRODUCT,PROP-FORM,Cable ladder straight section,straight_section,,,
SPEC-OGL-1371512-NOMW,OBS-OGLAEND-1371512-PRODUCT,PROP-NOMINAL-WIDTH,W1 Width 1 300 mm,,300,UNIT-MM,
SPEC-OGL-1371512-OVERW,OBS-OGLAEND-1371512-PRODUCT,PROP-OVERALL-WIDTH,W Width 300 mm,,300,UNIT-MM,
SPEC-OGL-1371512-HEIGHT,OBS-OGLAEND-1371512-PRODUCT,PROP-SIDE-RAIL-HEIGHT,H Height 55 mm,,55,UNIT-MM,
SPEC-OGL-1371512-LENGTH,OBS-OGLAEND-1371512-PRODUCT,PROP-LENGTH,L Length 3000 mm,,3000,UNIT-MM,
SPEC-OGL-1371512-MAT,OBS-OGLAEND-1371512-PRODUCT,PROP-MATERIAL,HDG,steel,,,base metal represented by manufacturer HDG material code
SPEC-OGL-1371512-FINISH,OBS-OGLAEND-1371512-PRODUCT,PROP-SURFACE-PROTECTION,HDG,hot_dip_galvanized,,,
SPEC-OGL-1371512-RSPACE,OBS-OGLAEND-1371512-PRODUCT,PROP-RUNG-SPACING,R.S Rung Spacing 300 mm,,300,UNIT-MM,
SPEC-OGL-1371512-RAIL-T,OBS-OGLAEND-1371512-PRODUCT,PROP-SIDE-RAIL-THICKNESS,T Material Thickness 1.25 mm,,1.25,UNIT-MM,
SPEC-OGL-1371512-RUNG-T,OBS-OGLAEND-1371512-PRODUCT,PROP-RUNG-THICKNESS,T1 Material Thickness 1.25 mm,,1.25,UNIT-MM,
SPEC-OGL-1371512-DEPTH,OBS-OGLAEND-1371512-PRODUCT,PROP-LOADING-DEPTH,D Loading depth 24 mm,,24,UNIT-MM,
SPEC-OGL-1371512-MASS,OBS-OGLAEND-1371512-PRODUCT,PROP-MASS,Weight 8.990 kg,,8.990,UNIT-KG,
SPEC-OGL-1371512-CLASS,OBS-OGLAEND-1371512-PRODUCT,PROP-EXTERNAL-CLASSIFICATION,EC000854 - Cable ladder,ETIM EC000854,,,
SPEC-OGL-1371512-RPROFILE,OBS-OGLAEND-1371512-SYSTEM,PROP-RUNG-PROFILE,Pre Slotted Rungs,pre_slotted,,,
SPEC-OGL-1371512-RATTACH,OBS-OGLAEND-1371512-SYSTEM,PROP-RUNG-ATTACHMENT,The ladder rungs are spot welded to the side rails,spot_welded,,,
SPEC-OGL-1371512-SPROFILE,OBS-OGLAEND-1371512-SYSTEM,PROP-SIDE-RAIL-PROFILE,Flange facing inwards,inward_flange,,,
SPEC-OGL-1371512-SPERF,OBS-OGLAEND-1371512-SYSTEM,PROP-SIDE-PERFORATION,Slotted side rails,slotted,,,
SPEC-OGL-1371512-DUTY,OBS-OGLAEND-1371512-SYSTEM,PROP-DUTY-SERIES,LOE55 medium to light loads,loe55,,,
SPEC-OGL-1371512-LOAD,OBS-OGLAEND-1371512-SYSTEM,PROP-LOAD-RATING,"HDG SWL 176 kg/m at 2 m; 97 kg/m at 3 m; 25 kg/m at 4 m; IEC 61537; end span 3/4 support spacing with no splice",iec61537|hdg|2m:176kg/m|3m:97kg/m|4m:25kg/m,,,
SPEC-OGL-1371513-FORM,OBS-OGLAEND-1371513-PRODUCT,PROP-FORM,Cable ladder straight section,straight_section,,,
SPEC-OGL-1371513-NOMW,OBS-OGLAEND-1371513-PRODUCT,PROP-NOMINAL-WIDTH,W1 Width 1 400 mm,,400,UNIT-MM,
SPEC-OGL-1371513-OVERW,OBS-OGLAEND-1371513-PRODUCT,PROP-OVERALL-WIDTH,W Width 400 mm,,400,UNIT-MM,
SPEC-OGL-1371513-HEIGHT,OBS-OGLAEND-1371513-PRODUCT,PROP-SIDE-RAIL-HEIGHT,H Height 55 mm,,55,UNIT-MM,
SPEC-OGL-1371513-LENGTH,OBS-OGLAEND-1371513-PRODUCT,PROP-LENGTH,L Length 3000 mm,,3000,UNIT-MM,
SPEC-OGL-1371513-MAT,OBS-OGLAEND-1371513-PRODUCT,PROP-MATERIAL,HDG,steel,,,base metal represented by manufacturer HDG material code
SPEC-OGL-1371513-FINISH,OBS-OGLAEND-1371513-PRODUCT,PROP-SURFACE-PROTECTION,HDG,hot_dip_galvanized,,,
SPEC-OGL-1371513-RSPACE,OBS-OGLAEND-1371513-PRODUCT,PROP-RUNG-SPACING,R.S Rung Spacing 300 mm,,300,UNIT-MM,
SPEC-OGL-1371513-RAIL-T,OBS-OGLAEND-1371513-PRODUCT,PROP-SIDE-RAIL-THICKNESS,T Material Thickness 1.25 mm,,1.25,UNIT-MM,
SPEC-OGL-1371513-RUNG-T,OBS-OGLAEND-1371513-PRODUCT,PROP-RUNG-THICKNESS,T1 Material Thickness 1.25 mm,,1.25,UNIT-MM,
SPEC-OGL-1371513-DEPTH,OBS-OGLAEND-1371513-PRODUCT,PROP-LOADING-DEPTH,D Loading depth 24 mm,,24,UNIT-MM,
SPEC-OGL-1371513-MASS,OBS-OGLAEND-1371513-PRODUCT,PROP-MASS,Weight 9.740 kg,,9.740,UNIT-KG,
SPEC-OGL-1371513-CLASS,OBS-OGLAEND-1371513-PRODUCT,PROP-EXTERNAL-CLASSIFICATION,EC000854 - Cable ladder,ETIM EC000854,,,
SPEC-OGL-1371513-RPROFILE,OBS-OGLAEND-1371513-SYSTEM,PROP-RUNG-PROFILE,Pre Slotted Rungs,pre_slotted,,,
SPEC-OGL-1371513-RATTACH,OBS-OGLAEND-1371513-SYSTEM,PROP-RUNG-ATTACHMENT,The ladder rungs are spot welded to the side rails,spot_welded,,,
SPEC-OGL-1371513-SPROFILE,OBS-OGLAEND-1371513-SYSTEM,PROP-SIDE-RAIL-PROFILE,Flange facing inwards,inward_flange,,,
SPEC-OGL-1371513-SPERF,OBS-OGLAEND-1371513-SYSTEM,PROP-SIDE-PERFORATION,Slotted side rails,slotted,,,
SPEC-OGL-1371513-DUTY,OBS-OGLAEND-1371513-SYSTEM,PROP-DUTY-SERIES,LOE55 medium to light loads,loe55,,,
SPEC-OGL-1371513-LOAD,OBS-OGLAEND-1371513-SYSTEM,PROP-LOAD-RATING,"HDG SWL 176 kg/m at 2 m; 97 kg/m at 3 m; 25 kg/m at 4 m; IEC 61537; end span 3/4 support spacing with no splice",iec61537|hdg|2m:176kg/m|3m:97kg/m|4m:25kg/m,,,
SPEC-OGL-1371514-FORM,OBS-OGLAEND-1371514-PRODUCT,PROP-FORM,Cable ladder straight section,straight_section,,,
SPEC-OGL-1371514-NOMW,OBS-OGLAEND-1371514-PRODUCT,PROP-NOMINAL-WIDTH,W1 Width 1 500 mm,,500,UNIT-MM,
SPEC-OGL-1371514-OVERW,OBS-OGLAEND-1371514-PRODUCT,PROP-OVERALL-WIDTH,W Width 500 mm,,500,UNIT-MM,
SPEC-OGL-1371514-HEIGHT,OBS-OGLAEND-1371514-PRODUCT,PROP-SIDE-RAIL-HEIGHT,H Height 55 mm,,55,UNIT-MM,
SPEC-OGL-1371514-LENGTH,OBS-OGLAEND-1371514-PRODUCT,PROP-LENGTH,L Length 3000 mm,,3000,UNIT-MM,
SPEC-OGL-1371514-MAT,OBS-OGLAEND-1371514-PRODUCT,PROP-MATERIAL,HDG,steel,,,base metal represented by manufacturer HDG material code
SPEC-OGL-1371514-FINISH,OBS-OGLAEND-1371514-PRODUCT,PROP-SURFACE-PROTECTION,HDG,hot_dip_galvanized,,,
SPEC-OGL-1371514-RSPACE,OBS-OGLAEND-1371514-PRODUCT,PROP-RUNG-SPACING,R.S Rung Spacing 300 mm,,300,UNIT-MM,
SPEC-OGL-1371514-RAIL-T,OBS-OGLAEND-1371514-PRODUCT,PROP-SIDE-RAIL-THICKNESS,T Material Thickness 1.25 mm,,1.25,UNIT-MM,
SPEC-OGL-1371514-RUNG-T,OBS-OGLAEND-1371514-PRODUCT,PROP-RUNG-THICKNESS,T1 Material Thickness 1.25 mm,,1.25,UNIT-MM,
SPEC-OGL-1371514-DEPTH,OBS-OGLAEND-1371514-PRODUCT,PROP-LOADING-DEPTH,D Loading depth 24 mm,,24,UNIT-MM,
SPEC-OGL-1371514-MASS,OBS-OGLAEND-1371514-PRODUCT,PROP-MASS,Weight 10.490 kg,,10.490,UNIT-KG,
SPEC-OGL-1371514-CLASS,OBS-OGLAEND-1371514-PRODUCT,PROP-EXTERNAL-CLASSIFICATION,EC000854 - Cable ladder,ETIM EC000854,,,
SPEC-OGL-1371514-RPROFILE,OBS-OGLAEND-1371514-SYSTEM,PROP-RUNG-PROFILE,Pre Slotted Rungs,pre_slotted,,,
SPEC-OGL-1371514-RATTACH,OBS-OGLAEND-1371514-SYSTEM,PROP-RUNG-ATTACHMENT,The ladder rungs are spot welded to the side rails,spot_welded,,,
SPEC-OGL-1371514-SPROFILE,OBS-OGLAEND-1371514-SYSTEM,PROP-SIDE-RAIL-PROFILE,Flange facing inwards,inward_flange,,,
SPEC-OGL-1371514-SPERF,OBS-OGLAEND-1371514-SYSTEM,PROP-SIDE-PERFORATION,Slotted side rails,slotted,,,
SPEC-OGL-1371514-DUTY,OBS-OGLAEND-1371514-SYSTEM,PROP-DUTY-SERIES,LOE55 medium to light loads,loe55,,,
SPEC-OGL-1371514-LOAD,OBS-OGLAEND-1371514-SYSTEM,PROP-LOAD-RATING,"HDG SWL 176 kg/m at 2 m; 97 kg/m at 3 m; 25 kg/m at 4 m; IEC 61537; end span 3/4 support spacing with no splice",iec61537|hdg|2m:176kg/m|3m:97kg/m|4m:25kg/m,,,
SPEC-OGL-1371515-FORM,OBS-OGLAEND-1371515-PRODUCT,PROP-FORM,Cable ladder straight section,straight_section,,,
SPEC-OGL-1371515-NOMW,OBS-OGLAEND-1371515-PRODUCT,PROP-NOMINAL-WIDTH,W1 Width 1 600 mm,,600,UNIT-MM,
SPEC-OGL-1371515-OVERW,OBS-OGLAEND-1371515-PRODUCT,PROP-OVERALL-WIDTH,W Width 600 mm,,600,UNIT-MM,
SPEC-OGL-1371515-HEIGHT,OBS-OGLAEND-1371515-PRODUCT,PROP-SIDE-RAIL-HEIGHT,H Height 55 mm,,55,UNIT-MM,
SPEC-OGL-1371515-LENGTH,OBS-OGLAEND-1371515-PRODUCT,PROP-LENGTH,L Length 3000 mm,,3000,UNIT-MM,
SPEC-OGL-1371515-MAT,OBS-OGLAEND-1371515-PRODUCT,PROP-MATERIAL,HDG,steel,,,base metal represented by manufacturer HDG material code
SPEC-OGL-1371515-FINISH,OBS-OGLAEND-1371515-PRODUCT,PROP-SURFACE-PROTECTION,HDG,hot_dip_galvanized,,,
SPEC-OGL-1371515-RSPACE,OBS-OGLAEND-1371515-PRODUCT,PROP-RUNG-SPACING,R.S Rung Spacing 300 mm,,300,UNIT-MM,
SPEC-OGL-1371515-RAIL-T,OBS-OGLAEND-1371515-PRODUCT,PROP-SIDE-RAIL-THICKNESS,T Material Thickness 1.25 mm,,1.25,UNIT-MM,
SPEC-OGL-1371515-RUNG-T,OBS-OGLAEND-1371515-PRODUCT,PROP-RUNG-THICKNESS,T1 Material Thickness 1.25 mm,,1.25,UNIT-MM,
SPEC-OGL-1371515-DEPTH,OBS-OGLAEND-1371515-PRODUCT,PROP-LOADING-DEPTH,D Loading depth 24 mm,,24,UNIT-MM,
SPEC-OGL-1371515-MASS,OBS-OGLAEND-1371515-PRODUCT,PROP-MASS,Weight 11.130 kg,,11.130,UNIT-KG,
SPEC-OGL-1371515-CLASS,OBS-OGLAEND-1371515-PRODUCT,PROP-EXTERNAL-CLASSIFICATION,EC000854 - Cable ladder,ETIM EC000854,,,
SPEC-OGL-1371515-RPROFILE,OBS-OGLAEND-1371515-SYSTEM,PROP-RUNG-PROFILE,Pre Slotted Rungs,pre_slotted,,,
SPEC-OGL-1371515-RATTACH,OBS-OGLAEND-1371515-SYSTEM,PROP-RUNG-ATTACHMENT,The ladder rungs are spot welded to the side rails,spot_welded,,,
SPEC-OGL-1371515-SPROFILE,OBS-OGLAEND-1371515-SYSTEM,PROP-SIDE-RAIL-PROFILE,Flange facing inwards,inward_flange,,,
SPEC-OGL-1371515-SPERF,OBS-OGLAEND-1371515-SYSTEM,PROP-SIDE-PERFORATION,Slotted side rails,slotted,,,
SPEC-OGL-1371515-DUTY,OBS-OGLAEND-1371515-SYSTEM,PROP-DUTY-SERIES,LOE55 medium to light loads,loe55,,,
SPEC-OGL-1371515-LOAD,OBS-OGLAEND-1371515-SYSTEM,PROP-LOAD-RATING,"HDG SWL 176 kg/m at 2 m; 97 kg/m at 3 m; 25 kg/m at 4 m; IEC 61537; end span 3/4 support spacing with no splice",iec61537|hdg|2m:176kg/m|3m:97kg/m|4m:25kg/m,,,
