supplier_offer_id,supplier_id,manufacturer_part_id,source_id,seller_sku,normalized_sku,offered_name,brand_name,order_quantity,order_unit,package_level,lifecycle_state
OFFER-LEGRAND-ZL450G,ORG-LEGRAND-UK,MP-LEGRAND-ZL450G,SRC-LEGRAND-ZL450G,ZL450G,ZL450G,Swifts medium duty hot-dip-galvanised steel cable ladder 450 mm x 100 mm x 3 m,Legrand,,unknown,unknown,active
OFFER-LEGRAND-ZL600G,ORG-LEGRAND-UK,MP-LEGRAND-ZL600G,SRC-LEGRAND-ZL600G,ZL600G,ZL600G,Swifts medium duty hot-dip-galvanised steel cable ladder 600 mm x 100 mm x 3 m,Legrand,,unknown,unknown,active
OFFER-LEGRAND-ZL750G,ORG-LEGRAND-UK,MP-LEGRAND-ZL750G,SRC-LEGRAND-ZL750G,ZL750G,ZL750G,Swifts medium duty hot-dip-galvanised steel cable ladder 750 mm x 100 mm x 3 m,Legrand,,unknown,unknown,active
OFFER-LEGRAND-ZL300G6M,ORG-LEGRAND-UK,MP-LEGRAND-ZL300G6M,SRC-LEGRAND-ZL300G6M,ZL300G6M,ZL300G6M,Swifts medium duty hot-dip-galvanised steel cable ladder 300 mm x 100 mm x 6 m,Legrand,,unknown,unknown,active
OFFER-LEGRAND-ZL450G6M,ORG-LEGRAND-UK,MP-LEGRAND-ZL450G6M,SRC-LEGRAND-ZL450G6M,ZL450G6M,ZL450G6M,Swifts medium duty hot-dip-galvanised steel cable ladder 450 mm x 100 mm x 6 m,Legrand,,unknown,unknown,active
OFFER-LEGRAND-ZL600G6M,ORG-LEGRAND-UK,MP-LEGRAND-ZL600G6M,SRC-LEGRAND-ZL600G6M,ZL600G6M,ZL600G6M,Swifts medium duty hot-dip-galvanised steel cable ladder 600 mm x 100 mm x 6 m,Legrand,,unknown,unknown,active
OFFER-NIEDAX-KL100203S,ORG-NIEDAX,MP-NIEDAX-KL100203S,SRC-NIEDAX-KL-CURRENT,KL 100.203,KL100203,KL 100 cable ladder 200 mm x 100 mm x 6 m S,Niedax,6,meter,unknown,active
OFFER-NIEDAX-KL100303S,ORG-NIEDAX,MP-NIEDAX-KL100303S,SRC-NIEDAX-KL-CURRENT,KL 100.303,KL100303,KL 100 cable ladder 300 mm x 100 mm x 6 m S,Niedax,6,meter,unknown,active
OFFER-NIEDAX-KL100403S,ORG-NIEDAX,MP-NIEDAX-KL100403S,SRC-NIEDAX-KL-CURRENT,KL 100.403,KL100403,KL 100 cable ladder 400 mm x 100 mm x 6 m S,Niedax,6,meter,unknown,active
OFFER-NIEDAX-KL100503S,ORG-NIEDAX,MP-NIEDAX-KL100503S,SRC-NIEDAX-KL-CURRENT,KL 100.503,KL100503,KL 100 cable ladder 500 mm x 100 mm x 6 m S,Niedax,6,meter,unknown,active
OFFER-NIEDAX-KL100603S,ORG-NIEDAX,MP-NIEDAX-KL100603S,SRC-NIEDAX-KL-CURRENT,KL 100.603,KL100603,KL 100 cable ladder 600 mm x 100 mm x 6 m S,Niedax,6,meter,unknown,active
OFFER-NIEDAX-KL100203F,ORG-NIEDAX,MP-NIEDAX-KL100203F,SRC-NIEDAX-KL-CURRENT,KL 100.203 F,KL100203F,KL 100 cable ladder 200 mm x 100 mm x 6 m F,Niedax,6,meter,unknown,active
OFFER-NIEDAX-KL100303F,ORG-NIEDAX,MP-NIEDAX-KL100303F,SRC-NIEDAX-KL-CURRENT,KL 100.303 F,KL100303F,KL 100 cable ladder 300 mm x 100 mm x 6 m F,Niedax,6,meter,unknown,active
OFFER-NIEDAX-KL100403F,ORG-NIEDAX,MP-NIEDAX-KL100403F,SRC-NIEDAX-KL-CURRENT,KL 100.403 F,KL100403F,KL 100 cable ladder 400 mm x 100 mm x 6 m F,Niedax,6,meter,unknown,active
OFFER-NIEDAX-KL100503F,ORG-NIEDAX,MP-NIEDAX-KL100503F,SRC-NIEDAX-KL-CURRENT,KL 100.503 F,KL100503F,KL 100 cable ladder 500 mm x 100 mm x 6 m F,Niedax,6,meter,unknown,active
OFFER-NIEDAX-KL100603F,ORG-NIEDAX,MP-NIEDAX-KL100603F,SRC-NIEDAX-KL-CURRENT,KL 100.603 F,KL100603F,KL 100 cable ladder 600 mm x 100 mm x 6 m F,Niedax,6,meter,unknown,active
OFFER-OGLAEND-1371511,ORG-OGLAEND,MP-OGLAEND-1371511,SRC-OGLAEND-1371511,1371511,1371511,Cable ladder LOE55 CL-200-3000 HDG,Øglænd System,,unknown,unknown,active
OFFER-OGLAEND-1371512,ORG-OGLAEND,MP-OGLAEND-1371512,SRC-OGLAEND-1371512,1371512,1371512,Cable ladder LOE55 CL-300-3000 HDG,Øglænd System,,unknown,unknown,active
OFFER-OGLAEND-1371513,ORG-OGLAEND,MP-OGLAEND-1371513,SRC-OGLAEND-1371513,1371513,1371513,Cable ladder LOE55 CL-400-3000 HDG,Øglænd System,,unknown,unknown,active
OFFER-OGLAEND-1371514,ORG-OGLAEND,MP-OGLAEND-1371514,SRC-OGLAEND-1371514,1371514,1371514,Cable ladder LOE55 CL-500-3000 HDG,Øglænd System,,unknown,unknown,active
OFFER-OGLAEND-1371515,ORG-OGLAEND,MP-OGLAEND-1371515,SRC-OGLAEND-1371515,1371515,1371515,Cable ladder LOE55 CL-600-3000 HDG,Øglænd System,,unknown,unknown,active
OFFER-OBO-6209721,ORG-OBO,MP-OBO-LCIS620,SRC-OBO-LCIS620,6209721,6209721,Cable ladder LCIS 620 3 FT,OBO,3,meter,unknown,active
OFFER-OBO-6209723,ORG-OBO,MP-OBO-LCIS630,SRC-OBO-LCIS630,6209723,6209723,Cable ladder LCIS 630 3 FT,OBO,3,meter,unknown,active
OFFER-OBO-6209725,ORG-OBO,MP-OBO-LCIS640,SRC-OBO-LCIS640,6209725,6209725,Cable ladder LCIS 640 3 FT,OBO,3,meter,unknown,active
OFFER-OBO-6209727,ORG-OBO,MP-OBO-LCIS650,SRC-OBO-LCIS650,6209727,6209727,Cable ladder LCIS 650 3 FT,OBO,3,meter,unknown,active
OFFER-OBO-6209729,ORG-OBO,MP-OBO-LCIS660,SRC-OBO-LCIS660,6209729,6209729,Cable ladder LCIS 660 3 FT,OBO,3,meter,unknown,active
OFFER-BOSSARD-1049860,ORG-BOSSARD-SG,MP-BOSSARD-1049860,SRC-BOSSARD-BN56,1049860,1049860,BN 56 hex head screws fully threaded M8 x 30,Bossard,100,piece,pack,active
OFFER-WUERTH-00578-30,ORG-WUERTH-DE,MP-WUERTH-00578-30,SRC-WUERTH-00578-30,00578 30,005780030,ISO 4017 steel 8.8 blue-passivated hexagon screw M8 x 30,Würth,,unknown,unknown,active
OFFER-FABORY-01210080030,ORG-FABORY-NL,MP-FABORY-01210080030,SRC-FABORY-01210080030,01210.080.030,01210080030,ISO 4017 steel 8.8 electrolytically zinc-plated fully threaded screw M8 x 30,Fabory,200,piece,box,active
OFFER-BOELLHOFF-401788VZD830,ORG-BOELLHOFF-DE,MP-BOELLHOFF-401788VZD830,SRC-BOELLHOFF-401788VZD830,40178.8VZD830,401788VZD830,ISO 4017 steel 8.8 zinc-plated thick-film passivated fully threaded screw M8 x 30,Böllhoff,200,piece,pack,active
OFFER-EATON-FT6X18X10-BLE,ORG-EATON-PLC,MP-EATON-FT6X18X10-BLE,SRC-EATON-FT6X18X10-BLE,FT6X18X10 BLE,FT6X18X10BLE,Eaton B-Line Flextray 6 inch deep straight section black powder coat,Eaton B-Line,,unknown,unknown,active
OFFER-LEGRAND-US-CF150450BL,ORG-LEGRAND-NA,MP-LEGRAND-US-CF150450BL,SRC-LEGRAND-US-CF150450BL,CF150/450BL,CF150450BL,Cablofil cable tray black 6D 18W 120L,Cablofil,,unknown,unknown,active
OFFER-MACSTEEL-AE-S355RA-0084,ORG-MACSTEEL-SA,,SRC-MACSTEEL-ANGLE-P4,AE_S355RA_0084,AES355RA0084,ANGLE EQUAL S355 JR+AR EN 10025-2 AS ROLLED 60 x 60 x 10 13.000Mtr,,,unknown,unknown,unknown
OFFER-MACSTEEL-AE-S355RA-0080,ORG-MACSTEEL-SA,,SRC-MACSTEEL-ANGLE-P4,AE_S355RA_0080,AES355RA0080,ANGLE EQUAL S355 JR+AR EN 10025-2 AS ROLLED 60 x 60 x 10 6.000Mtr,,,unknown,unknown,unknown
OFFER-MACSTEEL-AE-S355RA-0059,ORG-MACSTEEL-SA,,SRC-MACSTEEL-ANGLE-P4,AE_S355RA_0059,AES355RA0059,ANGLE EQUAL S355 JR+AR EN 10025-2 AS ROLLED 60 x 60 x 4 13.000Mtr,,,unknown,unknown,unknown
OFFER-MACSTEEL-AE-S355RA-0063,ORG-MACSTEEL-SA,,SRC-MACSTEEL-ANGLE-P4,AE_S355RA_0063,AES355RA0063,ANGLE EQUAL S355 JR+AR EN 10025-2 AS ROLLED 60 x 60 x 5 11.000Mtr,,,unknown,unknown,unknown
OFFER-MACSTEEL-AE-S355RA-0064,ORG-MACSTEEL-SA,,SRC-MACSTEEL-ANGLE-P4,AE_S355RA_0064,AES355RA0064,ANGLE EQUAL S355 JR+AR EN 10025-2 AS ROLLED 60 x 60 x 5 13.000Mtr,,,unknown,unknown,unknown
OFFER-MACSTEEL-AE-S355RA-0061,ORG-MACSTEEL-SA,,SRC-MACSTEEL-ANGLE-P4,AE_S355RA_0061,AES355RA0061,ANGLE EQUAL S355 JR+AR EN 10025-2 AS ROLLED 60 x 60 x 5 6.000Mtr,,,unknown,unknown,unknown
OFFER-MACSTEEL-AE-S355RA-0062,ORG-MACSTEEL-SA,,SRC-MACSTEEL-ANGLE-P4,AE_S355RA_0062,AES355RA0062,ANGLE EQUAL S355 JR+AR EN 10025-2 AS ROLLED 60 x 60 x 5 9.000Mtr,,,unknown,unknown,unknown
OFFER-MACSTEEL-AE-S355RA-0069,ORG-MACSTEEL-SA,,SRC-MACSTEEL-ANGLE-P4,AE_S355RA_0069,AES355RA0069,ANGLE EQUAL S355 JR+AR EN 10025-2 AS ROLLED 60 x 60 x 6 11.000Mtr,,,unknown,unknown,unknown
OFFER-MACSTEEL-AE-S355RA-0071,ORG-MACSTEEL-SA,,SRC-MACSTEEL-ANGLE-P4,AE_S355RA_0071,AES355RA0071,ANGLE EQUAL S355 JR+AR EN 10025-2 AS ROLLED 60 x 60 x 6 13.000Mtr,,,unknown,unknown,unknown
OFFER-MACSTEEL-AE-S355RA-0066,ORG-MACSTEEL-SA,,SRC-MACSTEEL-ANGLE-P4,AE_S355RA_0066,AES355RA0066,ANGLE EQUAL S355 JR+AR EN 10025-2 AS ROLLED 60 x 60 x 6 6.000Mtr,,,unknown,unknown,unknown
OFFER-MACSTEEL-AE-S355RA-0067,ORG-MACSTEEL-SA,,SRC-MACSTEEL-ANGLE-P4,AE_S355RA_0067,AES355RA0067,ANGLE EQUAL S355 JR+AR EN 10025-2 AS ROLLED 60 x 60 x 6 9.000Mtr,,,unknown,unknown,unknown
OFFER-MACSTEEL-AE-S355RA-0076,ORG-MACSTEEL-SA,,SRC-MACSTEEL-ANGLE-P4,AE_S355RA_0076,AES355RA0076,ANGLE EQUAL S355 JR+AR EN 10025-2 AS ROLLED 60 x 60 x 8 11.000Mtr,,,unknown,unknown,unknown
OFFER-MACSTEEL-AE-S355RA-0078,ORG-MACSTEEL-SA,,SRC-MACSTEEL-ANGLE-P4,AE_S355RA_0078,AES355RA0078,ANGLE EQUAL S355 JR+AR EN 10025-2 AS ROLLED 60 x 60 x 8 13.000Mtr,,,unknown,unknown,unknown
OFFER-MACSTEEL-AE-S355RA-0073,ORG-MACSTEEL-SA,,SRC-MACSTEEL-ANGLE-P4,AE_S355RA_0073,AES355RA0073,ANGLE EQUAL S355 JR+AR EN 10025-2 AS ROLLED 60 x 60 x 8 6.000Mtr,,,unknown,unknown,unknown
OFFER-MACSTEEL-AE-S355RA-0104,ORG-MACSTEEL-SA,,SRC-MACSTEEL-ANGLE-P4,AE_S355RA_0104,AES355RA0104,ANGLE EQUAL S355 JR+AR EN 10025-2 AS ROLLED 70 x 70 x 10 13.000Mtr,,,unknown,unknown,unknown
OFFER-MACSTEEL-AE-S355RA-0099,ORG-MACSTEEL-SA,,SRC-MACSTEEL-ANGLE-P4,AE_S355RA_0099,AES355RA0099,ANGLE EQUAL S355 JR+AR EN 10025-2 AS ROLLED 70 x 70 x 10 6.000Mtr,,,unknown,unknown,unknown
OFFER-MACSTEEL-AE-S355RA-0089,ORG-MACSTEEL-SA,,SRC-MACSTEEL-ANGLE-P4,AE_S355RA_0089,AES355RA0089,ANGLE EQUAL S355 JR+AR EN 10025-2 AS ROLLED 70 x 70 x 6 11.000Mtr,,,unknown,unknown,unknown
OFFER-MACSTEEL-AE-S355RA-0091,ORG-MACSTEEL-SA,,SRC-MACSTEEL-ANGLE-P4,AE_S355RA_0091,AES355RA0091,ANGLE EQUAL S355 JR+AR EN 10025-2 AS ROLLED 70 x 70 x 6 13.000Mtr,,,unknown,unknown,unknown
OFFER-MACSTEEL-AE-S355RA-0087,ORG-MACSTEEL-SA,,SRC-MACSTEEL-ANGLE-P4,AE_S355RA_0087,AES355RA0087,ANGLE EQUAL S355 JR+AR EN 10025-2 AS ROLLED 70 x 70 x 6 9.000Mtr,,,unknown,unknown,unknown
OFFER-MACSTEEL-AE-S355RA-0095,ORG-MACSTEEL-SA,,SRC-MACSTEEL-ANGLE-P4,AE_S355RA_0095,AES355RA0095,ANGLE EQUAL S355 JR+AR EN 10025-2 AS ROLLED 70 x 70 x 8 11.000Mtr,,,unknown,unknown,unknown
OFFER-MACSTEEL-AE-S355RA-0093,ORG-MACSTEEL-SA,,SRC-MACSTEEL-ANGLE-P4,AE_S355RA_0093,AES355RA0093,ANGLE EQUAL S355 JR+AR EN 10025-2 AS ROLLED 70 x 70 x 8 6.000Mtr,,,unknown,unknown,unknown
OFFER-MACSTEEL-AE-S355RA-0094,ORG-MACSTEEL-SA,,SRC-MACSTEEL-ANGLE-P4,AE_S355RA_0094,AES355RA0094,ANGLE EQUAL S355 JR+AR EN 10025-2 AS ROLLED 70 x 70 x 8 9.000Mtr,,,unknown,unknown,unknown
OFFER-MACSTEEL-AE-S355RA-0127,ORG-MACSTEEL-SA,,SRC-MACSTEEL-ANGLE-P4,AE_S355RA_0127,AES355RA0127,ANGLE EQUAL S355 JR+AR EN 10025-2 AS ROLLED 80 x 80 x 10 13.000Mtr,,,unknown,unknown,unknown
OFFER-MACSTEEL-AE-S355RA-0122,ORG-MACSTEEL-SA,,SRC-MACSTEEL-ANGLE-P4,AE_S355RA_0122,AES355RA0122,ANGLE EQUAL S355 JR+AR EN 10025-2 AS ROLLED 80 x 80 x 10 6.000Mtr,,,unknown,unknown,unknown
OFFER-MACSTEEL-AE-S355RA-0123,ORG-MACSTEEL-SA,,SRC-MACSTEEL-ANGLE-P4,AE_S355RA_0123,AES355RA0123,ANGLE EQUAL S355 JR+AR EN 10025-2 AS ROLLED 80 x 80 x 10 9.000Mtr,,,unknown,unknown,unknown
OFFER-MACSTEEL-AE-S355RA-0132,ORG-MACSTEEL-SA,,SRC-MACSTEEL-ANGLE-P4,AE_S355RA_0132,AES355RA0132,ANGLE EQUAL S355 JR+AR EN 10025-2 AS ROLLED 80 x 80 x 12 13.000Mtr,,,unknown,unknown,unknown
OFFER-MACSTEEL-AE-S355RA-0111,ORG-MACSTEEL-SA,,SRC-MACSTEEL-ANGLE-P4,AE_S355RA_0111,AES355RA0111,ANGLE EQUAL S355 JR+AR EN 10025-2 AS ROLLED 80 x 80 x 6 11.000Mtr,,,unknown,unknown,unknown
OFFER-MACSTEEL-AE-S355RA-0113,ORG-MACSTEEL-SA,,SRC-MACSTEEL-ANGLE-P4,AE_S355RA_0113,AES355RA0113,ANGLE EQUAL S355 JR+AR EN 10025-2 AS ROLLED 80 x 80 x 6 13.000Mtr,,,unknown,unknown,unknown
OFFER-MACSTEEL-AE-S355RA-0108,ORG-MACSTEEL-SA,,SRC-MACSTEEL-ANGLE-P4,AE_S355RA_0108,AES355RA0108,ANGLE EQUAL S355 JR+AR EN 10025-2 AS ROLLED 80 x 80 x 6 6.000Mtr,,,unknown,unknown,unknown
OFFER-MACSTEEL-AE-S355RA-0109,ORG-MACSTEEL-SA,,SRC-MACSTEEL-ANGLE-P4,AE_S355RA_0109,AES355RA0109,ANGLE EQUAL S355 JR+AR EN 10025-2 AS ROLLED 80 x 80 x 6 9.000Mtr,,,unknown,unknown,unknown
OFFER-MACSTEEL-AE-CQ-0001,ORG-MACSTEEL-SA,,SRC-MACSTEEL-AE20261001-P1,AE_CQ_0001,AECQ0001,ANGLE EQUAL COMMERCIAL QUALITY 25 x 25 x 2 6.000Mtr,,,unknown,unknown,unknown
OFFER-MACSTEEL-AE-CQ-0204,ORG-MACSTEEL-SA,,SRC-MACSTEEL-AE20261001-P1,AE_CQ_0204,AECQ0204,ANGLE EQUAL COMMERCIAL QUALITY 25 x 25 x 2 7.200Mtr,,,unknown,unknown,unknown
OFFER-MACSTEEL-AE-CQ-0359,ORG-MACSTEEL-SA,,SRC-MACSTEEL-AE20261001-P1,AE_CQ_0359,AECQ0359,ANGLE EQUAL COMMERCIAL QUALITY 25 x 25 x 2.5 3.000Mtr,,,unknown,unknown,unknown
OFFER-MACSTEEL-AE-CQ-0007,ORG-MACSTEEL-SA,,SRC-MACSTEEL-AE20261001-P1,AE_CQ_0007,AECQ0007,ANGLE EQUAL COMMERCIAL QUALITY 25 x 25 x 2.5 6.000Mtr,,,unknown,unknown,unknown
OFFER-MACSTEEL-AE-CQ-0370,ORG-MACSTEEL-SA,,SRC-MACSTEEL-AE20261001-P1,AE_CQ_0370,AECQ0370,ANGLE EQUAL COMMERCIAL QUALITY 25 x 25 x 3 3.000Mtr,,,unknown,unknown,unknown
OFFER-MACSTEEL-AE-CQ-0009,ORG-MACSTEEL-SA,,SRC-MACSTEEL-AE20261001-P1,AE_CQ_0009,AECQ0009,ANGLE EQUAL COMMERCIAL QUALITY 25 x 25 x 3 6.000Mtr,,,unknown,unknown,unknown
OFFER-MACSTEEL-AE-CQ-0013000006000,ORG-MACSTEEL-SA,,SRC-MACSTEEL-AE20261001-P1,AE_CQ_0013000006000,AECQ0013000006000,ANGLE EQUAL COMMERCIAL QUALITY 25.00 x 25.00 x 5.00 x 6.000 m,,,unknown,unknown,unknown
OFFER-MACSTEEL-AE-CQ-0017,ORG-MACSTEEL-SA,,SRC-MACSTEEL-AE20261001-P1,AE_CQ_0017,AECQ0017,ANGLE EQUAL COMMERCIAL QUALITY 30 x 30 x 2 6.000Mtr,,,unknown,unknown,unknown
OFFER-MACSTEEL-AE-CQ-0225,ORG-MACSTEEL-SA,,SRC-MACSTEEL-AE20261001-P1,AE_CQ_0225,AECQ0225,ANGLE EQUAL COMMERCIAL QUALITY 30 x 30 x 2 7.200Mtr,,,unknown,unknown,unknown
OFFER-MACSTEEL-AE-CQ-0022,ORG-MACSTEEL-SA,,SRC-MACSTEEL-AE20261001-P1,AE_CQ_0022,AECQ0022,ANGLE EQUAL COMMERCIAL QUALITY 30 x 30 x 2.5 6.000Mtr,,,unknown,unknown,unknown
OFFER-MACSTEEL-AE-CQ-0390,ORG-MACSTEEL-SA,,SRC-MACSTEEL-AE20261001-P1,AE_CQ_0390,AECQ0390,ANGLE EQUAL COMMERCIAL QUALITY 30 x 30 x 2.5 3.000Mtr,,,unknown,unknown,unknown
OFFER-MACSTEEL-AE-CQ-0024,ORG-MACSTEEL-SA,,SRC-MACSTEEL-AE20261001-P1,AE_CQ_0024,AECQ0024,ANGLE EQUAL COMMERCIAL QUALITY 30 x 30 x 3 6.000Mtr,,,unknown,unknown,unknown
OFFER-MACSTEEL-AE-CQ-0031,ORG-MACSTEEL-SA,,SRC-MACSTEEL-AE20261001-P1,AE_CQ_0031,AECQ0031,ANGLE EQUAL COMMERCIAL QUALITY 30 x 30 x 5 6.000Mtr,,,unknown,unknown,unknown
OFFER-MACSTEEL-AE-CQ-0036,ORG-MACSTEEL-SA,,SRC-MACSTEEL-AE20261001-P1,AE_CQ_0036,AECQ0036,ANGLE EQUAL COMMERCIAL QUALITY 40 x 40 x 2 6.000Mtr,,,unknown,unknown,unknown
OFFER-MACSTEEL-AE-CQ-0425,ORG-MACSTEEL-SA,,SRC-MACSTEEL-AE20261001-P1,AE_CQ_0425,AECQ0425,ANGLE EQUAL COMMERCIAL QUALITY 40 x 40 x 2.5 2.000Mtr,,,unknown,unknown,unknown
OFFER-MACSTEEL-AE-CQ-0426,ORG-MACSTEEL-SA,,SRC-MACSTEEL-AE20261001-P1,AE_CQ_0426,AECQ0426,ANGLE EQUAL COMMERCIAL QUALITY 40 x 40 x 2.5 3.000Mtr,,,unknown,unknown,unknown
OFFER-MACSTEEL-AE-CQ-0043,ORG-MACSTEEL-SA,,SRC-MACSTEEL-AE20261001-P1,AE_CQ_0043,AECQ0043,ANGLE EQUAL COMMERCIAL QUALITY 40 x 40 x 2.5 6.000Mtr,,,unknown,unknown,unknown
OFFER-MACSTEEL-AE-CQ-0050,ORG-MACSTEEL-SA,,SRC-MACSTEEL-AE20261001-P1,AE_CQ_0050,AECQ0050,ANGLE EQUAL COMMERCIAL QUALITY 40 x 40 x 3 13.000Mtr,,,unknown,unknown,unknown
OFFER-MACSTEEL-AE-CQ-0045,ORG-MACSTEEL-SA,,SRC-MACSTEEL-AE20261001-P1,AE_CQ_0045,AECQ0045,ANGLE EQUAL COMMERCIAL QUALITY 40 x 40 x 3 6.000Mtr,,,unknown,unknown,unknown
OFFER-MACSTEEL-AE-CQ-0054,ORG-MACSTEEL-SA,,SRC-MACSTEEL-AE20261001-P1,AE_CQ_0054,AECQ0054,ANGLE EQUAL COMMERCIAL QUALITY 40 x 40 x 4 13.000Mtr,,,unknown,unknown,unknown
OFFER-MACSTEEL-AE-CQ-0060,ORG-MACSTEEL-SA,,SRC-MACSTEEL-AE20261001-P1,AE_CQ_0060,AECQ0060,ANGLE EQUAL COMMERCIAL QUALITY 40 x 40 x 5 13.000Mtr,,,unknown,unknown,unknown
OFFER-MACSTEEL-AE-CQ-0056,ORG-MACSTEEL-SA,,SRC-MACSTEEL-AE20261001-P1,AE_CQ_0056,AECQ0056,ANGLE EQUAL COMMERCIAL QUALITY 40 x 40 x 5 6.000Mtr,,,unknown,unknown,unknown
OFFER-MACSTEEL-AE-CQ-0064,ORG-MACSTEEL-SA,,SRC-MACSTEEL-AE20261001-P1,AE_CQ_0064,AECQ0064,ANGLE EQUAL COMMERCIAL QUALITY 40 x 40 x 6 13.000Mtr,,,unknown,unknown,unknown
OFFER-MACSTEEL-AE-CQ-0062,ORG-MACSTEEL-SA,,SRC-MACSTEEL-AE20261001-P1,AE_CQ_0062,AECQ0062,ANGLE EQUAL COMMERCIAL QUALITY 40 x 40 x 6 6.000Mtr,,,unknown,unknown,unknown
OFFER-MACSTEEL-AE-CQ-0069,ORG-MACSTEEL-SA,,SRC-MACSTEEL-AE20261001-P1,AE_CQ_0069,AECQ0069,ANGLE EQUAL COMMERCIAL QUALITY 45 x 45 x 3 13.000Mtr,,,unknown,unknown,unknown
OFFER-MACSTEEL-AE-CQ-0066,ORG-MACSTEEL-SA,,SRC-MACSTEEL-AE20261001-P1,AE_CQ_0066,AECQ0066,ANGLE EQUAL COMMERCIAL QUALITY 45 x 45 x 3 6.000Mtr,,,unknown,unknown,unknown
OFFER-MACSTEEL-AE-CQ-0079,ORG-MACSTEEL-SA,,SRC-MACSTEEL-AE20261001-P1,AE_CQ_0079,AECQ0079,ANGLE EQUAL COMMERCIAL QUALITY 45 x 45 x 5 13.000Mtr,,,unknown,unknown,unknown
OFFER-MACSTEEL-AE-CQ-0075,ORG-MACSTEEL-SA,,SRC-MACSTEEL-AE20261001-P1,AE_CQ_0075,AECQ0075,ANGLE EQUAL COMMERCIAL QUALITY 45 x 45 x 5 6.000Mtr,,,unknown,unknown,unknown
OFFER-MACSTEEL-AE-CQ-0087,ORG-MACSTEEL-SA,,SRC-MACSTEEL-AE20261001-P1,AE_CQ_0087,AECQ0087,ANGLE EQUAL COMMERCIAL QUALITY 50 x 50 x 3 13.000Mtr,,,unknown,unknown,unknown
OFFER-MACSTEEL-AE-CQ-0508,ORG-MACSTEEL-SA,,SRC-MACSTEEL-AE20261001-P1,AE_CQ_0508,AECQ0508,ANGLE EQUAL COMMERCIAL QUALITY 50 x 50 x 3 2.000Mtr,,,unknown,unknown,unknown
OFFER-MACSTEEL-AE-CQ-0513,ORG-MACSTEEL-SA,,SRC-MACSTEEL-AE20261001-P2,AE_CQ_0513,AECQ0513,ANGLE EQUAL COMMERCIAL QUALITY 50 x 50 x 3 3.000Mtr,,,unknown,unknown,unknown
OFFER-MACSTEEL-AE-CQ-0084,ORG-MACSTEEL-SA,,SRC-MACSTEEL-AE20261001-P2,AE_CQ_0084,AECQ0084,ANGLE EQUAL COMMERCIAL QUALITY 50 x 50 x 3 6.000Mtr,,,unknown,unknown,unknown
OFFER-MACSTEEL-AE-CQ-0094,ORG-MACSTEEL-SA,,SRC-MACSTEEL-AE20261001-P2,AE_CQ_0094,AECQ0094,ANGLE EQUAL COMMERCIAL QUALITY 50 x 50 x 4 13.000Mtr,,,unknown,unknown,unknown
OFFER-MACSTEEL-AE-CQ-0089,ORG-MACSTEEL-SA,,SRC-MACSTEEL-AE20261001-P2,AE_CQ_0089,AECQ0089,ANGLE EQUAL COMMERCIAL QUALITY 50 x 50 x 4 6.000Mtr,,,unknown,unknown,unknown
OFFER-MACSTEEL-AE-CQ-0101,ORG-MACSTEEL-SA,,SRC-MACSTEEL-AE20261001-P2,AE_CQ_0101,AECQ0101,ANGLE EQUAL COMMERCIAL QUALITY 50 x 50 x 5 13.000Mtr,,,unknown,unknown,unknown
OFFER-MACSTEEL-AE-CQ-0555,ORG-MACSTEEL-SA,,SRC-MACSTEEL-AE20261001-P2,AE_CQ_0555,AECQ0555,ANGLE EQUAL COMMERCIAL QUALITY 50 x 50 x 5 3.000Mtr,,,unknown,unknown,unknown
OFFER-MACSTEEL-AE-CQ-0097,ORG-MACSTEEL-SA,,SRC-MACSTEEL-AE20261001-P2,AE_CQ_0097,AECQ0097,ANGLE EQUAL COMMERCIAL QUALITY 50 x 50 x 5 9.000Mtr,,,unknown,unknown,unknown
OFFER-MACSTEEL-AE-CQ-0104,ORG-MACSTEEL-SA,,SRC-MACSTEEL-AE20261001-P2,AE_CQ_0104,AECQ0104,ANGLE EQUAL COMMERCIAL QUALITY 50 x 50 x 6 9.000Mtr,,,unknown,unknown,unknown
OFFER-MACSTEEL-AE-CQ-0113,ORG-MACSTEEL-SA,,SRC-MACSTEEL-AE20261001-P2,AE_CQ_0113,AECQ0113,ANGLE EQUAL COMMERCIAL QUALITY 50 x 50 x 8 13.000Mtr,,,unknown,unknown,unknown
OFFER-MACSTEEL-AE-CQ-0110,ORG-MACSTEEL-SA,,SRC-MACSTEEL-AE20261001-P2,AE_CQ_0110,AECQ0110,ANGLE EQUAL COMMERCIAL QUALITY 50 x 50 x 8 6.000Mtr,,,unknown,unknown,unknown
OFFER-MACSTEEL-AE-CQ-0096000006000,ORG-MACSTEEL-SA,,SRC-MACSTEEL-AE20261001-P2,AE_CQ_0096000006000,AECQ0096000006000,ANGLE EQUAL COMMERCIAL QUALITY 50.00 x 50.00 x 5.00 x 6.000 m,,,unknown,unknown,unknown
OFFER-MACSTEEL-AE-CQ-0096000007200,ORG-MACSTEEL-SA,,SRC-MACSTEEL-AE20261001-P2,AE_CQ_0096000007200,AECQ0096000007200,ANGLE EQUAL COMMERCIAL QUALITY 50.00 x 50.00 x 5.00 x 6.000 m,,,unknown,unknown,unknown
OFFER-MACSTEEL-AE-CQ-0108000013000,ORG-MACSTEEL-SA,,SRC-MACSTEEL-AE20261001-P2,AE_CQ_0108000013000,AECQ0108000013000,ANGLE EQUAL COMMERCIAL QUALITY 50.00 x 50.00 x 6.00 x 13.000 m,,,unknown,unknown,unknown
OFFER-MACSTEEL-AE-CQ-0103000006000,ORG-MACSTEEL-SA,,SRC-MACSTEEL-AE20261001-P2,AE_CQ_0103000006000,AECQ0103000006000,ANGLE EQUAL COMMERCIAL QUALITY 50.00 x 50.00 x 6.00 x 6.000 m,,,unknown,unknown,unknown
OFFER-MACSTEEL-AE-S355RA-0173,ORG-MACSTEEL-SA,,SRC-MACSTEEL-AE20261001-P2,AE_S355RA_0173,AES355RA0173,ANGLE EQUAL S355 JR+AR EN 10025-2 AS ROLLED 100 x 100 x 10 11.000Mtr,,,unknown,unknown,unknown
OFFER-MACSTEEL-AE-S355RA-0175,ORG-MACSTEEL-SA,,SRC-MACSTEEL-AE20261001-P2,AE_S355RA_0175,AES355RA0175,ANGLE EQUAL S355 JR+AR EN 10025-2 AS ROLLED 100 x 100 x 10 13.000Mtr,,,unknown,unknown,unknown
OFFER-MACSTEEL-AE-S355RA-0170,ORG-MACSTEEL-SA,,SRC-MACSTEEL-AE20261001-P2,AE_S355RA_0170,AES355RA0170,ANGLE EQUAL S355 JR+AR EN 10025-2 AS ROLLED 100 x 100 x 10 6.000Mtr,,,unknown,unknown,unknown
OFFER-MACSTEEL-AE-S355RA-0171,ORG-MACSTEEL-SA,,SRC-MACSTEEL-AE20261001-P2,AE_S355RA_0171,AES355RA0171,ANGLE EQUAL S355 JR+AR EN 10025-2 AS ROLLED 100 x 100 x 10 9.000Mtr,,,unknown,unknown,unknown
OFFER-MACSTEEL-AE-S355RA-0182,ORG-MACSTEEL-SA,,SRC-MACSTEEL-AE20261001-P2,AE_S355RA_0182,AES355RA0182,ANGLE EQUAL S355 JR+AR EN 10025-2 AS ROLLED 100 x 100 x 12 13.000Mtr,,,unknown,unknown,unknown
OFFER-MACSTEEL-AE-S355RA-0178,ORG-MACSTEEL-SA,,SRC-MACSTEEL-AE20261001-P2,AE_S355RA_0178,AES355RA0178,ANGLE EQUAL S355 JR+AR EN 10025-2 AS ROLLED 100 x 100 x 12 9.000Mtr,,,unknown,unknown,unknown
OFFER-MACSTEEL-AE-S355RA-0166,ORG-MACSTEEL-SA,,SRC-MACSTEEL-AE20261001-P2,AE_S355RA_0166,AES355RA0166,ANGLE EQUAL S355 JR+AR EN 10025-2 AS ROLLED 100 x 100 x 8 11.000Mtr,,,unknown,unknown,unknown
OFFER-MACSTEEL-AE-S355RA-0168,ORG-MACSTEEL-SA,,SRC-MACSTEEL-AE20261001-P2,AE_S355RA_0168,AES355RA0168,ANGLE EQUAL S355 JR+AR EN 10025-2 AS ROLLED 100 x 100 x 8 13.000Mtr,,,unknown,unknown,unknown
OFFER-MACSTEEL-AE-S355RA-0163,ORG-MACSTEEL-SA,,SRC-MACSTEEL-AE20261001-P2,AE_S355RA_0163,AES355RA0163,ANGLE EQUAL S355 JR+AR EN 10025-2 AS ROLLED 100 x 100 x 8 6.000Mtr,,,unknown,unknown,unknown
OFFER-MACSTEEL-AE-S355RA-0164,ORG-MACSTEEL-SA,,SRC-MACSTEEL-AE20261001-P2,AE_S355RA_0164,AES355RA0164,ANGLE EQUAL S355 JR+AR EN 10025-2 AS ROLLED 100 x 100 x 8 9.000Mtr,,,unknown,unknown,unknown
OFFER-MACSTEEL-AE-S355RA-0197,ORG-MACSTEEL-SA,,SRC-MACSTEEL-AE20261001-P2,AE_S355RA_0197,AES355RA0197,ANGLE EQUAL S355 JR+AR EN 10025-2 AS ROLLED 120 x 120 x 10 11.000Mtr,,,unknown,unknown,unknown
OFFER-MACSTEEL-AE-S355RA-0199,ORG-MACSTEEL-SA,,SRC-MACSTEEL-AE20261001-P2,AE_S355RA_0199,AES355RA0199,ANGLE EQUAL S355 JR+AR EN 10025-2 AS ROLLED 120 x 120 x 10 13.000Mtr,,,unknown,unknown,unknown
OFFER-MACSTEEL-AE-S355RA-0195,ORG-MACSTEEL-SA,,SRC-MACSTEEL-AE20261001-P2,AE_S355RA_0195,AES355RA0195,ANGLE EQUAL S355 JR+AR EN 10025-2 AS ROLLED 120 x 120 x 10 9.000Mtr,,,unknown,unknown,unknown
OFFER-MACSTEEL-AE-S355RA-0205,ORG-MACSTEEL-SA,,SRC-MACSTEEL-AE20261001-P2,AE_S355RA_0205,AES355RA0205,ANGLE EQUAL S355 JR+AR EN 10025-2 AS ROLLED 120 x 120 x 12 11.000Mtr,,,unknown,unknown,unknown
OFFER-MACSTEEL-AE-S355RA-0207,ORG-MACSTEEL-SA,,SRC-MACSTEEL-AE20261001-P2,AE_S355RA_0207,AES355RA0207,ANGLE EQUAL S355 JR+AR EN 10025-2 AS ROLLED 120 x 120 x 12 13.000Mtr,,,unknown,unknown,unknown
OFFER-MACSTEEL-AE-S355RA-0203,ORG-MACSTEEL-SA,,SRC-MACSTEEL-AE20261001-P2,AE_S355RA_0203,AES355RA0203,ANGLE EQUAL S355 JR+AR EN 10025-2 AS ROLLED 120 x 120 x 12 9.000Mtr,,,unknown,unknown,unknown
OFFER-MACSTEEL-AE-S355RA-0215,ORG-MACSTEEL-SA,,SRC-MACSTEEL-AE20261001-P3,AE_S355RA_0215,AES355RA0215,ANGLE EQUAL S355 JR+AR EN 10025-2 AS ROLLED 120 x 120 x 15 13.000Mtr,,,unknown,unknown,unknown
OFFER-MACSTEEL-AE-S355RA-0191,ORG-MACSTEEL-SA,,SRC-MACSTEEL-AE20261001-P3,AE_S355RA_0191,AES355RA0191,ANGLE EQUAL S355 JR+AR EN 10025-2 AS ROLLED 120 x 120 x 8 13.000Mtr,,,unknown,unknown,unknown
OFFER-MACSTEEL-AE-S355RA-0187,ORG-MACSTEEL-SA,,SRC-MACSTEEL-AE20261001-P3,AE_S355RA_0187,AES355RA0187,ANGLE EQUAL S355 JR+AR EN 10025-2 AS ROLLED 120 x 120 x 8 9.000Mtr,,,unknown,unknown,unknown
OFFER-MACSTEEL-AE-S355RA-0223,ORG-MACSTEEL-SA,,SRC-MACSTEEL-AE20261001-P3,AE_S355RA_0223,AES355RA0223,ANGLE EQUAL S355 JR+AR EN 10025-2 AS ROLLED 150 x 150 x 10 13.000Mtr,,,unknown,unknown,unknown
OFFER-MACSTEEL-AE-S355RA-0229,ORG-MACSTEEL-SA,,SRC-MACSTEEL-AE20261001-P3,AE_S355RA_0229,AES355RA0229,ANGLE EQUAL S355 JR+AR EN 10025-2 AS ROLLED 150 x 150 x 12 11.000Mtr,,,unknown,unknown,unknown
OFFER-MACSTEEL-AE-S355RA-0231,ORG-MACSTEEL-SA,,SRC-MACSTEEL-AE20261001-P3,AE_S355RA_0231,AES355RA0231,ANGLE EQUAL S355 JR+AR EN 10025-2 AS ROLLED 150 x 150 x 12 13.000Mtr,,,unknown,unknown,unknown
OFFER-MACSTEEL-AE-S355RA-0227,ORG-MACSTEEL-SA,,SRC-MACSTEEL-AE20261001-P3,AE_S355RA_0227,AES355RA0227,ANGLE EQUAL S355 JR+AR EN 10025-2 AS ROLLED 150 x 150 x 12 9.000Mtr,,,unknown,unknown,unknown
OFFER-MACSTEEL-AE-S355RA-0237,ORG-MACSTEEL-SA,,SRC-MACSTEEL-AE20261001-P3,AE_S355RA_0237,AES355RA0237,ANGLE EQUAL S355 JR+AR EN 10025-2 AS ROLLED 150 x 150 x 15 11.000Mtr,,,unknown,unknown,unknown
OFFER-MACSTEEL-AE-S355RA-0239,ORG-MACSTEEL-SA,,SRC-MACSTEEL-AE20261001-P3,AE_S355RA_0239,AES355RA0239,ANGLE EQUAL S355 JR+AR EN 10025-2 AS ROLLED 150 x 150 x 15 13.000Mtr,,,unknown,unknown,unknown
OFFER-MACSTEEL-AE-S355RA-0235,ORG-MACSTEEL-SA,,SRC-MACSTEEL-AE20261001-P3,AE_S355RA_0235,AES355RA0235,ANGLE EQUAL S355 JR+AR EN 10025-2 AS ROLLED 150 x 150 x 15 9.000Mtr,,,unknown,unknown,unknown
OFFER-MACSTEEL-AE-S355RA-0246,ORG-MACSTEEL-SA,,SRC-MACSTEEL-AE20261001-P3,AE_S355RA_0246,AES355RA0246,ANGLE EQUAL S355 JR+AR EN 10025-2 AS ROLLED 150 x 150 x 18 13.000Mtr,,,unknown,unknown,unknown
OFFER-MACSTEEL-AE-S355RA-0243,ORG-MACSTEEL-SA,,SRC-MACSTEEL-AE20261001-P3,AE_S355RA_0243,AES355RA0243,ANGLE EQUAL S355 JR+AR EN 10025-2 AS ROLLED 150 x 150 x 18 9.000Mtr,,,unknown,unknown,unknown
OFFER-MACSTEEL-AE-S355RA-0253,ORG-MACSTEEL-SA,,SRC-MACSTEEL-AE20261001-P3,AE_S355RA_0253,AES355RA0253,ANGLE EQUAL S355 JR+AR EN 10025-2 AS ROLLED 200 x 200 x 16 11.000Mtr,,,unknown,unknown,unknown
OFFER-MACSTEEL-AE-S355RA-0255,ORG-MACSTEEL-SA,,SRC-MACSTEEL-AE20261001-P3,AE_S355RA_0255,AES355RA0255,ANGLE EQUAL S355 JR+AR EN 10025-2 AS ROLLED 200 x 200 x 16 13.000Mtr,,,unknown,unknown,unknown
OFFER-MACSTEEL-AE-S355RA-0251,ORG-MACSTEEL-SA,,SRC-MACSTEEL-AE20261001-P3,AE_S355RA_0251,AES355RA0251,ANGLE EQUAL S355 JR+AR EN 10025-2 AS ROLLED 200 x 200 x 16 9.000Mtr,,,unknown,unknown,unknown
OFFER-MACSTEEL-AE-S355RA-0264,ORG-MACSTEEL-SA,,SRC-MACSTEEL-AE20261001-P3,AE_S355RA_0264,AES355RA0264,ANGLE EQUAL S355 JR+AR EN 10025-2 AS ROLLED 200 x 200 x 18 13.000Mtr,,,unknown,unknown,unknown
OFFER-MACSTEEL-AE-S355RA-0271,ORG-MACSTEEL-SA,,SRC-MACSTEEL-AE20261001-P3,AE_S355RA_0271,AES355RA0271,ANGLE EQUAL S355 JR+AR EN 10025-2 AS ROLLED 200 x 200 x 20 11.000Mtr,,,unknown,unknown,unknown
OFFER-MACSTEEL-AE-S355RA-0273,ORG-MACSTEEL-SA,,SRC-MACSTEEL-AE20261001-P3,AE_S355RA_0273,AES355RA0273,ANGLE EQUAL S355 JR+AR EN 10025-2 AS ROLLED 200 x 200 x 20 13.000Mtr,,,unknown,unknown,unknown
OFFER-MACSTEEL-AE-S355RA-0269,ORG-MACSTEEL-SA,,SRC-MACSTEEL-AE20261001-P3,AE_S355RA_0269,AES355RA0269,ANGLE EQUAL S355 JR+AR EN 10025-2 AS ROLLED 200 x 200 x 20 9.000Mtr,,,unknown,unknown,unknown
OFFER-MACSTEEL-AE-S355RA-0280,ORG-MACSTEEL-SA,,SRC-MACSTEEL-AE20261001-P3,AE_S355RA_0280,AES355RA0280,ANGLE EQUAL S355 JR+AR EN 10025-2 AS ROLLED 200 x 200 x 24 13.000Mtr,,,unknown,unknown,unknown
OFFER-MACSTEEL-AE-S355RA-0008,ORG-MACSTEEL-SA,,SRC-MACSTEEL-AE20261001-P3,AE_S355RA_0008,AES355RA0008,ANGLE EQUAL S355 JR+AR EN 10025-2 AS ROLLED 40 x 40 x 3 13.000Mtr,,,unknown,unknown,unknown
OFFER-MACSTEEL-AE-S355RA-0016,ORG-MACSTEEL-SA,,SRC-MACSTEEL-AE20261001-P3,AE_S355RA_0016,AES355RA0016,ANGLE EQUAL S355 JR+AR EN 10025-2 AS ROLLED 40 x 40 x 5 13.000Mtr,,,unknown,unknown,unknown
OFFER-MACSTEEL-AE-S355RA-0023,ORG-MACSTEEL-SA,,SRC-MACSTEEL-AE20261001-P3,AE_S355RA_0023,AES355RA0023,ANGLE EQUAL S355 JR+AR EN 10025-2 AS ROLLED 45 x 45 x 3 13.000Mtr,,,unknown,unknown,unknown
OFFER-MACSTEEL-AE-S355RA-0593,ORG-MACSTEEL-SA,,SRC-MACSTEEL-AE20261001-P3,AE_S355RA_0593,AES355RA0593,ANGLE EQUAL S355 JR+AR EN 10025-2 AS ROLLED 45 x 45 x 3 6.500Mtr,,,unknown,unknown,unknown
OFFER-MACSTEEL-AE-S355RA-0030,ORG-MACSTEEL-SA,,SRC-MACSTEEL-AE20261001-P3,AE_S355RA_0030,AES355RA0030,ANGLE EQUAL S355 JR+AR EN 10025-2 AS ROLLED 45 x 45 x 5 13.000Mtr,,,unknown,unknown,unknown
OFFER-MACSTEEL-AE-S355RA-0034,ORG-MACSTEEL-SA,,SRC-MACSTEEL-AE20261001-P3,AE_S355RA_0034,AES355RA0034,ANGLE EQUAL S355 JR+AR EN 10025-2 AS ROLLED 50 x 50 x 3 13.000Mtr,,,unknown,unknown,unknown
OFFER-MACSTEEL-AE-S355RA-0032,ORG-MACSTEEL-SA,,SRC-MACSTEEL-AE20261001-P3,AE_S355RA_0032,AES355RA0032,ANGLE EQUAL S355 JR+AR EN 10025-2 AS ROLLED 50 x 50 x 3 6.000Mtr,,,unknown,unknown,unknown
OFFER-MACSTEEL-AE-S355RA-0039,ORG-MACSTEEL-SA,,SRC-MACSTEEL-AE20261001-P3,AE_S355RA_0039,AES355RA0039,ANGLE EQUAL S355 JR+AR EN 10025-2 AS ROLLED 50 x 50 x 4 13.000Mtr,,,unknown,unknown,unknown
OFFER-MACSTEEL-AE-S355RA-0044,ORG-MACSTEEL-SA,,SRC-MACSTEEL-AE20261001-P3,AE_S355RA_0044,AES355RA0044,ANGLE EQUAL S355 JR+AR EN 10025-2 AS ROLLED 50 x 50 x 5 13.000Mtr,,,unknown,unknown,unknown
OFFER-MACSTEEL-AE-S355RA-0049,ORG-MACSTEEL-SA,,SRC-MACSTEEL-AE20261001-P3,AE_S355RA_0049,AES355RA0049,ANGLE EQUAL S355 JR+AR EN 10025-2 AS ROLLED 50 x 50 x 6 13.000Mtr,,,unknown,unknown,unknown
OFFER-MACSTEEL-AE-S355RA-0120,ORG-MACSTEEL-SA,,SRC-MACSTEEL-AE20261001-P5,AE_S355RA_0120,AES355RA0120,ANGLE EQUAL S355 JR+AR EN 10025-2 AS ROLLED 80 x 80 x 8 13.000Mtr,,,unknown,unknown,unknown
OFFER-MACSTEEL-AE-S355RA-0115,ORG-MACSTEEL-SA,,SRC-MACSTEEL-AE20261001-P5,AE_S355RA_0115,AES355RA0115,ANGLE EQUAL S355 JR+AR EN 10025-2 AS ROLLED 80 x 80 x 8 6.000Mtr,,,unknown,unknown,unknown
OFFER-MACSTEEL-AE-S355RA-0116,ORG-MACSTEEL-SA,,SRC-MACSTEEL-AE20261001-P5,AE_S355RA_0116,AES355RA0116,ANGLE EQUAL S355 JR+AR EN 10025-2 AS ROLLED 80 x 80 x 8 9.000Mtr,,,unknown,unknown,unknown
OFFER-MACSTEEL-AE-S355RA-0153,ORG-MACSTEEL-SA,,SRC-MACSTEEL-AE20261001-P5,AE_S355RA_0153,AES355RA0153,ANGLE EQUAL S355 JR+AR EN 10025-2 AS ROLLED 90 x 90 x 10 13.000Mtr,,,unknown,unknown,unknown
OFFER-MACSTEEL-AE-S355RA-0149,ORG-MACSTEEL-SA,,SRC-MACSTEEL-AE20261001-P5,AE_S355RA_0149,AES355RA0149,ANGLE EQUAL S355 JR+AR EN 10025-2 AS ROLLED 90 x 90 x 10 6.000Mtr,,,unknown,unknown,unknown
OFFER-MACSTEEL-AE-S355RA-0150,ORG-MACSTEEL-SA,,SRC-MACSTEEL-AE20261001-P5,AE_S355RA_0150,AES355RA0150,ANGLE EQUAL S355 JR+AR EN 10025-2 AS ROLLED 90 x 90 x 10 9.000Mtr,,,unknown,unknown,unknown
OFFER-MACSTEEL-AE-S355RA-0158,ORG-MACSTEEL-SA,,SRC-MACSTEEL-AE20261001-P5,AE_S355RA_0158,AES355RA0158,ANGLE EQUAL S355 JR+AR EN 10025-2 AS ROLLED 90 x 90 x 12 13.000Mtr,,,unknown,unknown,unknown
OFFER-MACSTEEL-AE-S355RA-0137,ORG-MACSTEEL-SA,,SRC-MACSTEEL-AE20261001-P5,AE_S355RA_0137,AES355RA0137,ANGLE EQUAL S355 JR+AR EN 10025-2 AS ROLLED 90 x 90 x 6 11.000Mtr,,,unknown,unknown,unknown
OFFER-MACSTEEL-AE-S355RA-0139,ORG-MACSTEEL-SA,,SRC-MACSTEEL-AE20261001-P5,AE_S355RA_0139,AES355RA0139,ANGLE EQUAL S355 JR+AR EN 10025-2 AS ROLLED 90 x 90 x 6 13.000Mtr,,,unknown,unknown,unknown
OFFER-MACSTEEL-AE-S355RA-0134,ORG-MACSTEEL-SA,,SRC-MACSTEEL-AE20261001-P5,AE_S355RA_0134,AES355RA0134,ANGLE EQUAL S355 JR+AR EN 10025-2 AS ROLLED 90 x 90 x 6 6.000Mtr,,,unknown,unknown,unknown
OFFER-MACSTEEL-AE-S355RA-0135,ORG-MACSTEEL-SA,,SRC-MACSTEEL-AE20261001-P5,AE_S355RA_0135,AES355RA0135,ANGLE EQUAL S355 JR+AR EN 10025-2 AS ROLLED 90 x 90 x 6 9.000Mtr,,,unknown,unknown,unknown
OFFER-MACSTEEL-AE-S355RA-0145,ORG-MACSTEEL-SA,,SRC-MACSTEEL-AE20261001-P5,AE_S355RA_0145,AES355RA0145,ANGLE EQUAL S355 JR+AR EN 10025-2 AS ROLLED 90 x 90 x 8 11.000Mtr,,,unknown,unknown,unknown
OFFER-MACSTEEL-AE-S355RA-0147,ORG-MACSTEEL-SA,,SRC-MACSTEEL-AE20261001-P5,AE_S355RA_0147,AES355RA0147,ANGLE EQUAL S355 JR+AR EN 10025-2 AS ROLLED 90 x 90 x 8 13.000Mtr,,,unknown,unknown,unknown
OFFER-MACSTEEL-AE-S355RA-0143,ORG-MACSTEEL-SA,,SRC-MACSTEEL-AE20261001-P5,AE_S355RA_0143,AES355RA0143,ANGLE EQUAL S355 JR+AR EN 10025-2 AS ROLLED 90 x 90 x 8 9.000Mtr,,,unknown,unknown,unknown
OFFER-MACSTEEL-AE-S355RA-0086000006000,ORG-MACSTEEL-SA,,SRC-MACSTEEL-AE20261001-P5,AE_S355RA_0086000006000,AES355RA0086000006000,ANGLE EQUAL S355 JR+AR EN 10025-2 ASROLLED 70.00 x 70.00 x 6.00 x 6.000 m,,,unknown,unknown,unknown
OFFER-MACSTEEL-AE-S355RA-0097000013000,ORG-MACSTEEL-SA,,SRC-MACSTEEL-AE20261001-P5,AE_S355RA_0097000013000,AES355RA0097000013000,ANGLE EQUAL S355 JR+AR EN 10025-2 ASROLLED 70.00 x 70.00 x 8.00 x 13.000 m,,,unknown,unknown,unknown
