supplier_offer_id,scheme,identifier_value,identifier_authority,identifier_scope,source_id,is_primary
OFFER-LEGRAND-ZL450G,ean,5012774447634,GS1,unknown,SRC-LEGRAND-ZL450G,1
OFFER-LEGRAND-ZL600G,ean,5012774447771,GS1,unknown,SRC-LEGRAND-ZL600G,1
OFFER-LEGRAND-ZL750G,ean,5012774447887,GS1,unknown,SRC-LEGRAND-ZL750G,1
OFFER-LEGRAND-ZL300G6M,ean,5012774447504,GS1,unknown,SRC-LEGRAND-ZL300G6M,1
OFFER-LEGRAND-ZL450G6M,ean,5012774447658,GS1,unknown,SRC-LEGRAND-ZL450G6M,1
OFFER-LEGRAND-ZL600G6M,ean,5012774076209,GS1,unknown,SRC-LEGRAND-ZL600G6M,1
OFFER-OGLAEND-1371511,gtin,7070693715119,GS1,unknown,SRC-OGLAEND-1371511,1
OFFER-OGLAEND-1371512,gtin,7070693715126,GS1,unknown,SRC-OGLAEND-1371512,1
OFFER-OGLAEND-1371513,gtin,7070693715133,GS1,unknown,SRC-OGLAEND-1371513,1
OFFER-OGLAEND-1371514,gtin,7070693715140,GS1,unknown,SRC-OGLAEND-1371514,1
OFFER-OGLAEND-1371515,gtin,7070693715157,GS1,unknown,SRC-OGLAEND-1371515,1
OFFER-OBO-6209721,ean,4012196431731,GS1,unknown,SRC-OBO-LCIS620,1
OFFER-OBO-6209723,ean,4012196431748,GS1,unknown,SRC-OBO-LCIS630,1
OFFER-OBO-6209725,ean,4012196431755,GS1,unknown,SRC-OBO-LCIS640,1
OFFER-OBO-6209727,ean,4012196431762,GS1,unknown,SRC-OBO-LCIS650,1
OFFER-OBO-6209729,ean,4012196431779,GS1,unknown,SRC-OBO-LCIS660,1
OFFER-BOSSARD-1049860,ean,7611914041916,GS1,unknown,SRC-BOSSARD-BN56,1
OFFER-WUERTH-00578-30,ean,4011231104012,GS1,unknown,SRC-WUERTH-00578-30,1
OFFER-FABORY-01210080030,ean,8715492030054,GS1,box,SRC-FABORY-01210080030,1
