work_item_id,priority,queue_type,readiness,subject_type,subject_id,profile_id,manufacturer_part_id,source_id,property_id,summary,next_action,blocked_by,policy_version
RW-CONFLICT-MP-EATON-FT6X18X10-BLE-PROP-LENGTH,P0,source_conflict_resolution,ready,manufacturer_part_property,MP-EATON-FT6X18X10-BLE:PROP-LENGTH,PROFILE-WIRE-MESH-BASKET-STRAIGHT-STEEL-0.1,MP-EATON-FT6X18X10-BLE,,PROP-LENGTH,"Resolve contradictory Section length evidence (3.000, 3.0051248 in SI base units)",Recheck each exact-article source and qualifier; supersede or reject only with an auditable rationale.,,0.1
RW-CONFLICT-MP-LEGRAND-US-CF150450BL-PROP-OVERALL-HEIGHT,P0,source_conflict_resolution,ready,manufacturer_part_property,MP-LEGRAND-US-CF150450BL:PROP-OVERALL-HEIGHT,PROFILE-WIRE-MESH-BASKET-STRAIGHT-STEEL-0.1,MP-LEGRAND-US-CF150450BL,,PROP-OVERALL-HEIGHT,"Resolve contradictory Overall height evidence (0.158, 0.165862 in SI base units)",Recheck each exact-article source and qualifier; supersede or reject only with an auditable rationale.,,0.1
RW-MAPPING-MAP-NSK-6205ZZ-CAGE,P0,terminology_mapping_review,ready,specification_value_mapping,MAP-NSK-6205ZZ-CAGE,PROFILE-BEARING-DGBB-1R-DOUBLE-METAL-SHIELD-0.1,MP-NSK-6205ZZ,SRC-NSK-6205ZZ,PROP-CAGE-CONSTRUCTION,Review Cage construction: 'Pressed steel cage' -> 'pressed_steel',"Independently approve, reject, or revise the source_exact mapping. Source locator: Product information and properties. Proposal: Exact product property states pressed-steel cage.",,0.1
RW-MAPPING-MAP-NSK-6205ZZ-CLEARANCE,P0,terminology_mapping_review,ready,specification_value_mapping,MAP-NSK-6205ZZ-CLEARANCE,PROFILE-BEARING-DGBB-1R-DOUBLE-METAL-SHIELD-0.1,MP-NSK-6205ZZ,SRC-NSK-6205ZZ,PROP-RADIAL-INTERNAL-CLEARANCE,Review Radial internal clearance: 'Radial Internal Clearance CN' -> 'cn',"Independently approve, reject, or revise the source_exact mapping. Source locator: Product information and properties. Proposal: Exact product property states radial internal clearance CN.",,0.1
RW-MAPPING-MAP-NSK-6205ZZ-CLOSURE,P0,terminology_mapping_review,ready,specification_value_mapping,MAP-NSK-6205ZZ-CLOSURE,PROFILE-BEARING-DGBB-1R-DOUBLE-METAL-SHIELD-0.1,MP-NSK-6205ZZ,SRC-NSK-6205ZZ,PROP-BEARING-CLOSURE,Review Bearing closure: 'ZZ shield on both sides' -> 'double_non_contact_metal_shield',"Independently approve, reject, or revise the manufacturer_definition mapping. Source locator: Product information and properties. Proposal: Exact product properties define ZZ as shields on both sides; the page describes steel shields for this family.",,0.1
RW-MAPPING-MAP-NSK-6205ZZ-GEOMETRY,P0,terminology_mapping_review,ready,specification_value_mapping,MAP-NSK-6205ZZ-GEOMETRY,PROFILE-BEARING-DGBB-1R-DOUBLE-METAL-SHIELD-0.1,MP-NSK-6205ZZ,SRC-NSK-6205ZZ,PROP-BEARING-GEOMETRY,Review Bearing geometry: 'Single-Row Deep Groove Ball Bearings' -> 'single_row_deep_groove_ball',"Independently approve, reject, or revise the source_exact mapping. Source locator: Product information and properties. Proposal: Exact product title states single-row deep-groove ball bearing.",,0.1
RW-MAPPING-MAP-NSK-6205ZZ-LOCATING,P0,terminology_mapping_review,ready,specification_value_mapping,MAP-NSK-6205ZZ-LOCATING,PROFILE-BEARING-DGBB-1R-DOUBLE-METAL-SHIELD-0.1,MP-NSK-6205ZZ,SRC-NSK-6205ZZ,PROP-LOCATING-FEATURE,Review Locating feature: 'Design without N or NR' -> 'none',"Independently approve, reject, or revise the source_exact mapping. Source locator: Product information and properties. Proposal: Exact product property states design without N or NR locating variants.",,0.1
RW-MAPPING-MAP-NSK-6205ZZ-TOLERANCE,P0,terminology_mapping_review,ready,specification_value_mapping,MAP-NSK-6205ZZ-TOLERANCE,PROFILE-BEARING-DGBB-1R-DOUBLE-METAL-SHIELD-0.1,MP-NSK-6205ZZ,SRC-NSK-6205ZZ,PROP-BEARING-TOLERANCE-CLASS,Review Bearing tolerance class: 'Tolerance P0' -> 'p0',"Independently approve, reject, or revise the source_exact mapping. Source locator: Product information and properties. Proposal: Exact product property states tolerance P0; no equivalence to another class is inferred.",,0.1
RW-MAPPING-MAP-SKF-6205-2Z-BORE-TYPE,P0,terminology_mapping_review,ready,specification_value_mapping,MAP-SKF-6205-2Z-BORE-TYPE,PROFILE-BEARING-DGBB-1R-DOUBLE-METAL-SHIELD-0.1,MP-SKF-6205-2Z,SRC-SKF-6205-2Z,PROP-BORE-TYPE,Review Bore type: 'Bore type cylindrical' -> 'cylindrical',"Independently approve, reject, or revise the source_exact mapping. Source locator: Technical specification. Proposal: Exact page states cylindrical bore type.",,0.1
RW-MAPPING-MAP-SKF-6205-2Z-CAGE,P0,terminology_mapping_review,ready,specification_value_mapping,MAP-SKF-6205-2Z-CAGE,PROFILE-BEARING-DGBB-1R-DOUBLE-METAL-SHIELD-0.1,MP-SKF-6205-2Z,SRC-SKF-6205-2Z,PROP-CAGE-CONSTRUCTION,Review Cage construction: 'Cage design sheet metal' -> 'sheet_metal_unspecified',"Independently approve, reject, or revise the source_exact mapping. Source locator: Technical specification. Proposal: Exact page states only sheet metal and does not prove pressed steel.",,0.1
RW-MAPPING-MAP-SKF-6205-2Z-CLEARANCE,P0,terminology_mapping_review,ready,specification_value_mapping,MAP-SKF-6205-2Z-CLEARANCE,PROFILE-BEARING-DGBB-1R-DOUBLE-METAL-SHIELD-0.1,MP-SKF-6205-2Z,SRC-SKF-6205-2Z,PROP-RADIAL-INTERNAL-CLEARANCE,Review Radial internal clearance: 'Radial internal clearance preload group Cn' -> 'cn',"Independently approve, reject, or revise the source_exact mapping. Source locator: Technical specification. Proposal: Exact page states radial internal clearance preload group Cn.",,0.1
RW-MAPPING-MAP-SKF-6205-2Z-CLOSURE,P0,terminology_mapping_review,ready,specification_value_mapping,MAP-SKF-6205-2Z-CLOSURE,PROFILE-BEARING-DGBB-1R-DOUBLE-METAL-SHIELD-0.1,MP-SKF-6205-2Z,SRC-SKF-6205-2Z,PROP-BEARING-CLOSURE,Review Bearing closure: 'Shield on both sides; non-contact' -> 'double_non_contact_metal_shield',"Independently approve, reject, or revise the source_exact mapping. Source locator: Technical specification. Proposal: Exact page states shields on both sides and non-contact sealing type.",,0.1
RW-MAPPING-MAP-SKF-6205-2Z-GEOMETRY,P0,terminology_mapping_review,ready,specification_value_mapping,MAP-SKF-6205-2Z-GEOMETRY,PROFILE-BEARING-DGBB-1R-DOUBLE-METAL-SHIELD-0.1,MP-SKF-6205-2Z,SRC-SKF-6205-2Z,PROP-BEARING-GEOMETRY,Review Bearing geometry: 'Deep groove ball bearing; single row' -> 'single_row_deep_groove_ball',"Independently approve, reject, or revise the source_exact mapping. Source locator: Technical specification. Proposal: Exact product title states deep-groove ball bearing and single row.",,0.1
RW-MAPPING-MAP-SKF-6205-2Z-LOCATING,P0,terminology_mapping_review,ready,specification_value_mapping,MAP-SKF-6205-2Z-LOCATING,PROFILE-BEARING-DGBB-1R-DOUBLE-METAL-SHIELD-0.1,MP-SKF-6205-2Z,SRC-SKF-6205-2Z,PROP-LOCATING-FEATURE,Review Locating feature: 'Locating feature none' -> 'none',"Independently approve, reject, or revise the source_exact mapping. Source locator: Technical specification. Proposal: Exact page states locating feature none.",,0.1
RW-MAPPING-MAP-SKF-6205-2Z-LUBRICANT,P0,terminology_mapping_review,ready,specification_value_mapping,MAP-SKF-6205-2Z-LUBRICANT,PROFILE-BEARING-DGBB-1R-DOUBLE-METAL-SHIELD-0.1,MP-SKF-6205-2Z,SRC-SKF-6205-2Z,PROP-SUPPLIED-LUBRICANT,Review Supplied lubricant: 'Lubricant grease' -> 'grease_unspecified',"Independently approve, reject, or revise the source_exact mapping. Source locator: Technical specification. Proposal: Exact page states grease without a formulation.",,0.1
RW-MAPPING-MAP-SKF-6205-2Z-MATERIAL,P0,terminology_mapping_review,ready,specification_value_mapping,MAP-SKF-6205-2Z-MATERIAL,PROFILE-BEARING-DGBB-1R-DOUBLE-METAL-SHIELD-0.1,MP-SKF-6205-2Z,SRC-SKF-6205-2Z,PROP-BEARING-MATERIAL,Review Bearing material: 'Bearing material bearing steel' -> 'bearing_steel',"Independently approve, reject, or revise the source_exact mapping. Source locator: Technical specification. Proposal: Exact page states bearing steel without a grade.",,0.1
RW-MAPPING-MAP-SKF-6205-2Z-TOLERANCE,P0,terminology_mapping_review,ready,specification_value_mapping,MAP-SKF-6205-2Z-TOLERANCE,PROFILE-BEARING-DGBB-1R-DOUBLE-METAL-SHIELD-0.1,MP-SKF-6205-2Z,SRC-SKF-6205-2Z,PROP-BEARING-TOLERANCE-CLASS,Review Bearing tolerance class: 'Tolerance group Class 6 (p6)' -> 'class_6_p6',"Independently approve, reject, or revise the source_exact mapping. Source locator: Technical specification. Proposal: Exact page states tolerance group Class 6 (p6); no equivalence to another class is inferred.",,0.1
RW-PAIR-SCREEN-000007,P1,candidate_evidence_followup,ready,pair_screening,SCREEN-000007,PROFILE-FASTENER-HEX-FULL-ISO4017-0.1,,,,Resolve insufficient evidence for MP-BOELLHOFF-401788VZD830 vs MP-FABORY-01210080030,Research the missing identity fields (PROP-FASTENER-SURFACE;PROP-COATING-SPEC;PROP-PRODUCT-CLASS;PROP-THREAD-DIRECTION); do not promote the pair until all hard-stop fields are supported.,,0.1
RW-PAIR-SCREEN-000009,P1,candidate_evidence_followup,ready,pair_screening,SCREEN-000009,PROFILE-FASTENER-HEX-FULL-ISO4017-0.1,,,,Resolve insufficient evidence for MP-BOSSARD-1049860 vs MP-FABORY-01210080030,Research the missing identity fields (PROP-THREAD-PITCH;PROP-FASTENER-SURFACE;PROP-COATING-SPEC;PROP-PRODUCT-CLASS;PROP-THREAD-DIRECTION); do not promote the pair until all hard-stop fields are supported.,,0.1
RW-PAIR-SCREEN-000010,P1,candidate_evidence_followup,ready,pair_screening,SCREEN-000010,PROFILE-FASTENER-HEX-FULL-ISO4017-0.1,,,,Resolve insufficient evidence for MP-BOSSARD-1049860 vs MP-WUERTH-00578-30,Research the missing identity fields (PROP-THREAD-PITCH;PROP-COATING-SPEC;PROP-PRODUCT-CLASS;PROP-THREAD-DIRECTION); do not promote the pair until all hard-stop fields are supported.,,0.1
RW-PAIR-SCREEN-000012,P1,candidate_evidence_followup,ready,pair_screening,SCREEN-000012,PROFILE-FASTENER-HEX-FULL-ISO4017-0.1,,,,Resolve insufficient evidence for MP-FABORY-01210080030 vs MP-WUERTH-00578-30,Research the missing identity fields (PROP-FASTENER-SURFACE;PROP-COATING-SPEC;PROP-PRODUCT-CLASS;PROP-THREAD-DIRECTION); do not promote the pair until all hard-stop fields are supported.,,0.1
RW-PART-MP-SKF-6205-2Z,P1,complete_part_review,blocked,manufacturer_part,MP-SKF-6205-2Z,PROFILE-BEARING-DGBB-1R-DOUBLE-METAL-SHIELD-0.1,MP-SKF-6205-2Z,,,Independently review complete evidence package for 6205-2Z,"When dependencies are cleared, record accepted, rejected, or needs-evidence with a named independent reviewer and policy version.",1 unreviewed observation(s); 9 unapproved code mapping(s),0.1
RW-PART-MP-NIEDAX-KL100203F,P1,complete_part_review,blocked,manufacturer_part,MP-NIEDAX-KL100203F,PROFILE-CABLE-LADDER-STRAIGHT-STEEL-0.1,MP-NIEDAX-KL100203F,,,Independently review complete evidence package for KL 100.203 F,"When dependencies are cleared, record accepted, rejected, or needs-evidence with a named independent reviewer and policy version.",2 unreviewed observation(s); 8 unapproved code mapping(s),0.1
RW-PART-MP-NIEDAX-KL100203S,P1,complete_part_review,blocked,manufacturer_part,MP-NIEDAX-KL100203S,PROFILE-CABLE-LADDER-STRAIGHT-STEEL-0.1,MP-NIEDAX-KL100203S,,,Independently review complete evidence package for KL 100.203,"When dependencies are cleared, record accepted, rejected, or needs-evidence with a named independent reviewer and policy version.",1 unreviewed observation(s); 8 unapproved code mapping(s),0.1
RW-PART-MP-NIEDAX-KL100303F,P1,complete_part_review,blocked,manufacturer_part,MP-NIEDAX-KL100303F,PROFILE-CABLE-LADDER-STRAIGHT-STEEL-0.1,MP-NIEDAX-KL100303F,,,Independently review complete evidence package for KL 100.303 F,"When dependencies are cleared, record accepted, rejected, or needs-evidence with a named independent reviewer and policy version.",2 unreviewed observation(s); 8 unapproved code mapping(s),0.1
RW-PART-MP-NIEDAX-KL100303S,P1,complete_part_review,blocked,manufacturer_part,MP-NIEDAX-KL100303S,PROFILE-CABLE-LADDER-STRAIGHT-STEEL-0.1,MP-NIEDAX-KL100303S,,,Independently review complete evidence package for KL 100.303,"When dependencies are cleared, record accepted, rejected, or needs-evidence with a named independent reviewer and policy version.",1 unreviewed observation(s); 8 unapproved code mapping(s),0.1
RW-PART-MP-NIEDAX-KL100403F,P1,complete_part_review,blocked,manufacturer_part,MP-NIEDAX-KL100403F,PROFILE-CABLE-LADDER-STRAIGHT-STEEL-0.1,MP-NIEDAX-KL100403F,,,Independently review complete evidence package for KL 100.403 F,"When dependencies are cleared, record accepted, rejected, or needs-evidence with a named independent reviewer and policy version.",2 unreviewed observation(s); 8 unapproved code mapping(s),0.1
RW-PART-MP-NIEDAX-KL100403S,P1,complete_part_review,blocked,manufacturer_part,MP-NIEDAX-KL100403S,PROFILE-CABLE-LADDER-STRAIGHT-STEEL-0.1,MP-NIEDAX-KL100403S,,,Independently review complete evidence package for KL 100.403,"When dependencies are cleared, record accepted, rejected, or needs-evidence with a named independent reviewer and policy version.",1 unreviewed observation(s); 8 unapproved code mapping(s),0.1
RW-PART-MP-NIEDAX-KL100503F,P1,complete_part_review,blocked,manufacturer_part,MP-NIEDAX-KL100503F,PROFILE-CABLE-LADDER-STRAIGHT-STEEL-0.1,MP-NIEDAX-KL100503F,,,Independently review complete evidence package for KL 100.503 F,"When dependencies are cleared, record accepted, rejected, or needs-evidence with a named independent reviewer and policy version.",2 unreviewed observation(s); 8 unapproved code mapping(s),0.1
RW-PART-MP-NIEDAX-KL100503S,P1,complete_part_review,blocked,manufacturer_part,MP-NIEDAX-KL100503S,PROFILE-CABLE-LADDER-STRAIGHT-STEEL-0.1,MP-NIEDAX-KL100503S,,,Independently review complete evidence package for KL 100.503,"When dependencies are cleared, record accepted, rejected, or needs-evidence with a named independent reviewer and policy version.",1 unreviewed observation(s); 8 unapproved code mapping(s),0.1
RW-PART-MP-NIEDAX-KL100603F,P1,complete_part_review,blocked,manufacturer_part,MP-NIEDAX-KL100603F,PROFILE-CABLE-LADDER-STRAIGHT-STEEL-0.1,MP-NIEDAX-KL100603F,,,Independently review complete evidence package for KL 100.603 F,"When dependencies are cleared, record accepted, rejected, or needs-evidence with a named independent reviewer and policy version.",2 unreviewed observation(s); 8 unapproved code mapping(s),0.1
RW-PART-MP-NIEDAX-KL100603S,P1,complete_part_review,blocked,manufacturer_part,MP-NIEDAX-KL100603S,PROFILE-CABLE-LADDER-STRAIGHT-STEEL-0.1,MP-NIEDAX-KL100603S,,,Independently review complete evidence package for KL 100.603,"When dependencies are cleared, record accepted, rejected, or needs-evidence with a named independent reviewer and policy version.",1 unreviewed observation(s); 8 unapproved code mapping(s),0.1
RW-OBSERVATION-OBS-SKF-6205-2Z-20260930,P1,observation_review,ready,observation,OBS-SKF-6205-2Z-20260930,PROFILE-BEARING-DGBB-1R-DOUBLE-METAL-SHIELD-0.1,MP-SKF-6205-2Z,SRC-SKF-6205-2Z,,Review source observation for 6205-2Z,"Check the exact source locator, transcription, units, qualifiers, and article scope before accepting or rejecting it: Technical specification",,0.1
RW-OBSERVATION-OBS-NIEDAX-KL100203F-CATALOG,P1,observation_review,ready,observation,OBS-NIEDAX-KL100203F-CATALOG,PROFILE-CABLE-LADDER-STRAIGHT-STEEL-0.1,MP-NIEDAX-KL100203F,SRC-NIEDAX-KL-CURRENT,,Review source observation for KL 100.203 F,"Check the exact source locator, transcription, units, qualifiers, and article scope before accepting or rejecting it: Kabelleiter table and construction text; PDF page 380",,0.1
RW-OBSERVATION-OBS-NIEDAX-KL100203F-FINISH,P1,observation_review,ready,observation,OBS-NIEDAX-KL100203F-FINISH,PROFILE-CABLE-LADDER-STRAIGHT-STEEL-0.1,MP-NIEDAX-KL100203F,SRC-NIEDAX-GALVANIZING,,Review source observation for KL 100.203 F,"Check the exact source locator, transcription, units, qualifiers, and article scope before accepting or rejecting it: Piece galvanizing according to DIN EN ISO 1461",,0.1
RW-OBSERVATION-OBS-NIEDAX-KL100203S-CATALOG,P1,observation_review,ready,observation,OBS-NIEDAX-KL100203S-CATALOG,PROFILE-CABLE-LADDER-STRAIGHT-STEEL-0.1,MP-NIEDAX-KL100203S,SRC-NIEDAX-KL-CURRENT,,Review source observation for KL 100.203,"Check the exact source locator, transcription, units, qualifiers, and article scope before accepting or rejecting it: Finish and EAN legend on PDF page 3; product table and construction text on PDF page 380",,0.1
RW-OBSERVATION-OBS-NIEDAX-KL100303F-CATALOG,P1,observation_review,ready,observation,OBS-NIEDAX-KL100303F-CATALOG,PROFILE-CABLE-LADDER-STRAIGHT-STEEL-0.1,MP-NIEDAX-KL100303F,SRC-NIEDAX-KL-CURRENT,,Review source observation for KL 100.303 F,"Check the exact source locator, transcription, units, qualifiers, and article scope before accepting or rejecting it: Kabelleiter table and construction text",,0.1
RW-OBSERVATION-OBS-NIEDAX-KL100303F-FINISH,P1,observation_review,ready,observation,OBS-NIEDAX-KL100303F-FINISH,PROFILE-CABLE-LADDER-STRAIGHT-STEEL-0.1,MP-NIEDAX-KL100303F,SRC-NIEDAX-GALVANIZING,,Review source observation for KL 100.303 F,"Check the exact source locator, transcription, units, qualifiers, and article scope before accepting or rejecting it: Piece galvanizing according to DIN EN ISO 1461",,0.1
RW-OBSERVATION-OBS-NIEDAX-KL100303S-CATALOG,P1,observation_review,ready,observation,OBS-NIEDAX-KL100303S-CATALOG,PROFILE-CABLE-LADDER-STRAIGHT-STEEL-0.1,MP-NIEDAX-KL100303S,SRC-NIEDAX-KL-CURRENT,,Review source observation for KL 100.303,"Check the exact source locator, transcription, units, qualifiers, and article scope before accepting or rejecting it: Finish and EAN legend on PDF page 3; product table and construction text on PDF page 380",,0.1
RW-OBSERVATION-OBS-NIEDAX-KL100403F-CATALOG,P1,observation_review,ready,observation,OBS-NIEDAX-KL100403F-CATALOG,PROFILE-CABLE-LADDER-STRAIGHT-STEEL-0.1,MP-NIEDAX-KL100403F,SRC-NIEDAX-KL-CURRENT,,Review source observation for KL 100.403 F,"Check the exact source locator, transcription, units, qualifiers, and article scope before accepting or rejecting it: Kabelleiter table and construction text",,0.1
RW-OBSERVATION-OBS-NIEDAX-KL100403F-FINISH,P1,observation_review,ready,observation,OBS-NIEDAX-KL100403F-FINISH,PROFILE-CABLE-LADDER-STRAIGHT-STEEL-0.1,MP-NIEDAX-KL100403F,SRC-NIEDAX-GALVANIZING,,Review source observation for KL 100.403 F,"Check the exact source locator, transcription, units, qualifiers, and article scope before accepting or rejecting it: Piece galvanizing according to DIN EN ISO 1461",,0.1
RW-OBSERVATION-OBS-NIEDAX-KL100403S-CATALOG,P1,observation_review,ready,observation,OBS-NIEDAX-KL100403S-CATALOG,PROFILE-CABLE-LADDER-STRAIGHT-STEEL-0.1,MP-NIEDAX-KL100403S,SRC-NIEDAX-KL-CURRENT,,Review source observation for KL 100.403,"Check the exact source locator, transcription, units, qualifiers, and article scope before accepting or rejecting it: Finish and EAN legend on PDF page 3; product table and construction text on PDF page 380",,0.1
RW-OBSERVATION-OBS-NIEDAX-KL100503F-CATALOG,P1,observation_review,ready,observation,OBS-NIEDAX-KL100503F-CATALOG,PROFILE-CABLE-LADDER-STRAIGHT-STEEL-0.1,MP-NIEDAX-KL100503F,SRC-NIEDAX-KL-CURRENT,,Review source observation for KL 100.503 F,"Check the exact source locator, transcription, units, qualifiers, and article scope before accepting or rejecting it: Kabelleiter table and construction text",,0.1
RW-OBSERVATION-OBS-NIEDAX-KL100503F-FINISH,P1,observation_review,ready,observation,OBS-NIEDAX-KL100503F-FINISH,PROFILE-CABLE-LADDER-STRAIGHT-STEEL-0.1,MP-NIEDAX-KL100503F,SRC-NIEDAX-GALVANIZING,,Review source observation for KL 100.503 F,"Check the exact source locator, transcription, units, qualifiers, and article scope before accepting or rejecting it: Piece galvanizing according to DIN EN ISO 1461",,0.1
RW-OBSERVATION-OBS-NIEDAX-KL100503S-CATALOG,P1,observation_review,ready,observation,OBS-NIEDAX-KL100503S-CATALOG,PROFILE-CABLE-LADDER-STRAIGHT-STEEL-0.1,MP-NIEDAX-KL100503S,SRC-NIEDAX-KL-CURRENT,,Review source observation for KL 100.503,"Check the exact source locator, transcription, units, qualifiers, and article scope before accepting or rejecting it: Finish and EAN legend on PDF page 3; product table and construction text on PDF page 380",,0.1
RW-OBSERVATION-OBS-NIEDAX-KL100603F-CATALOG,P1,observation_review,ready,observation,OBS-NIEDAX-KL100603F-CATALOG,PROFILE-CABLE-LADDER-STRAIGHT-STEEL-0.1,MP-NIEDAX-KL100603F,SRC-NIEDAX-KL-CURRENT,,Review source observation for KL 100.603 F,"Check the exact source locator, transcription, units, qualifiers, and article scope before accepting or rejecting it: Kabelleiter table and construction text",,0.1
RW-OBSERVATION-OBS-NIEDAX-KL100603F-FINISH,P1,observation_review,ready,observation,OBS-NIEDAX-KL100603F-FINISH,PROFILE-CABLE-LADDER-STRAIGHT-STEEL-0.1,MP-NIEDAX-KL100603F,SRC-NIEDAX-GALVANIZING,,Review source observation for KL 100.603 F,"Check the exact source locator, transcription, units, qualifiers, and article scope before accepting or rejecting it: Piece galvanizing according to DIN EN ISO 1461",,0.1
RW-OBSERVATION-OBS-NIEDAX-KL100603S-CATALOG,P1,observation_review,ready,observation,OBS-NIEDAX-KL100603S-CATALOG,PROFILE-CABLE-LADDER-STRAIGHT-STEEL-0.1,MP-NIEDAX-KL100603S,SRC-NIEDAX-KL-CURRENT,,Review source observation for KL 100.603,"Check the exact source locator, transcription, units, qualifiers, and article scope before accepting or rejecting it: Finish and EAN legend on PDF page 3; product table and construction text on PDF page 380",,0.1
RW-DATASET-USER-KLINGER-GASKETS-20260713,P1,reference_dataset_validation,ready,source_dataset,DATASET-USER-KLINGER-GASKETS-20260713,,,,,Validate source provenance and field semantics for Klinger Gaskets Rev02,"Resolve the profiled structural issues against exact manufacturer or standards sources before identity ingestion. Current use=structure_research. User-supplied operational catalogue. Structure profiled only; one duplicate row, ambiguous dimension labels, coarse material values and absent exact product numbers block identity ingestion.",,0.1
RW-DATASET-USER-PIPING-20260702,P1,reference_dataset_validation,ready,source_dataset,DATASET-USER-PIPING-20260702,,,,,Validate source provenance and field semantics for Piping Rev01,Resolve the profiled structural issues against exact manufacturer or standards sources before identity ingestion. Current use=structure_research. User-supplied operational catalogue. Structure profiled only; decimal conventions and the seamless/welded standards description require source-backed resolution.,,0.1
RW-DATASET-USER-STEEL-PLATE-20260702,P1,reference_dataset_validation,ready,source_dataset,DATASET-USER-STEEL-PLATE-20260702,,,,,Validate source provenance and field semantics for Steel Plate Rev01,Resolve the profiled structural issues against exact manufacturer or standards sources before identity ingestion. Current use=structure_research. User-supplied operational catalogue. Structure profiled only; three mass checks require resolution and no manufacturer part numbers are present.,,0.1
RW-DATASET-USER-STRUCTURAL-STEEL-20260702,P1,reference_dataset_validation,ready,source_dataset,DATASET-USER-STRUCTURAL-STEEL-20260702,,,,,Validate source provenance and field semantics for Structural Steel Rev01,"Resolve the profiled structural issues against exact manufacturer or standards sources before identity ingestion. Current use=structure_research. User-supplied operational catalogue. Structure profiled only; contact/location sequences, encoding defects, terminology and exact source provenance require review.",,0.1
RW-EVIDENCE-MP-BOELLHOFF-401788VZD830-PROP-THREAD-DIRECTION,P1,required_evidence_gap,ready,manufacturer_part_property,MP-BOELLHOFF-401788VZD830:PROP-THREAD-DIRECTION,PROFILE-FASTENER-HEX-FULL-ISO4017-0.1,MP-BOELLHOFF-401788VZD830,,PROP-THREAD-DIRECTION,Find primary evidence for 40178.8VZD830 — Thread direction,"Locate an exact-article, first-party statement or record the field as unproven; do not infer from a family page or similar part.",,0.1
RW-EVIDENCE-MP-BOSSARD-1049860-PROP-PRODUCT-CLASS,P1,required_evidence_gap,ready,manufacturer_part_property,MP-BOSSARD-1049860:PROP-PRODUCT-CLASS,PROFILE-FASTENER-HEX-FULL-ISO4017-0.1,MP-BOSSARD-1049860,,PROP-PRODUCT-CLASS,Find primary evidence for 1049860 — Dimensional product class,"Locate an exact-article, first-party statement or record the field as unproven; do not infer from a family page or similar part.",,0.1
RW-EVIDENCE-MP-BOSSARD-1049860-PROP-THREAD-DIRECTION,P1,required_evidence_gap,ready,manufacturer_part_property,MP-BOSSARD-1049860:PROP-THREAD-DIRECTION,PROFILE-FASTENER-HEX-FULL-ISO4017-0.1,MP-BOSSARD-1049860,,PROP-THREAD-DIRECTION,Find primary evidence for 1049860 — Thread direction,"Locate an exact-article, first-party statement or record the field as unproven; do not infer from a family page or similar part.",,0.1
RW-EVIDENCE-MP-BOSSARD-1049860-PROP-THREAD-PITCH,P1,required_evidence_gap,ready,manufacturer_part_property,MP-BOSSARD-1049860:PROP-THREAD-PITCH,PROFILE-FASTENER-HEX-FULL-ISO4017-0.1,MP-BOSSARD-1049860,,PROP-THREAD-PITCH,Find primary evidence for 1049860 — Thread pitch or series,"Locate an exact-article, first-party statement or record the field as unproven; do not infer from a family page or similar part.",,0.1
RW-EVIDENCE-MP-FABORY-01210080030-PROP-COATING-SPEC,P1,required_evidence_gap,ready,manufacturer_part_property,MP-FABORY-01210080030:PROP-COATING-SPEC,PROFILE-FASTENER-HEX-FULL-ISO4017-0.1,MP-FABORY-01210080030,,PROP-COATING-SPEC,Find primary evidence for 01210.080.030 — Coating specification,"Locate an exact-article, first-party statement or record the field as unproven; do not infer from a family page or similar part.",,0.1
RW-EVIDENCE-MP-FABORY-01210080030-PROP-PRODUCT-CLASS,P1,required_evidence_gap,ready,manufacturer_part_property,MP-FABORY-01210080030:PROP-PRODUCT-CLASS,PROFILE-FASTENER-HEX-FULL-ISO4017-0.1,MP-FABORY-01210080030,,PROP-PRODUCT-CLASS,Find primary evidence for 01210.080.030 — Dimensional product class,"Locate an exact-article, first-party statement or record the field as unproven; do not infer from a family page or similar part.",,0.1
RW-EVIDENCE-MP-WUERTH-00578-30-PROP-THREAD-DIRECTION,P1,required_evidence_gap,ready,manufacturer_part_property,MP-WUERTH-00578-30:PROP-THREAD-DIRECTION,PROFILE-FASTENER-HEX-FULL-ISO4017-0.1,MP-WUERTH-00578-30,,PROP-THREAD-DIRECTION,Find primary evidence for 00578 30 — Thread direction,"Locate an exact-article, first-party statement or record the field as unproven; do not infer from a family page or similar part.",,0.1
RW-ARTIFACT-ART-BOELLHOFF-401788VZD830-REMOTE,P2,artifact_retrieval,ready,source_artifact,ART-BOELLHOFF-401788VZD830-REMOTE,,,SRC-BOELLHOFF-401788VZD830,,Secure verifiable local evidence for ISO 4017 steel 8.8 zinc-plated thick-film passivated M8 x 30 article 40178.8VZD830,Follow publisher access rules for the remote_only artifact; record bytes and SHA-256 only after successful retrieval: https://eshop.boellhoff.de/en/Screws/Screws-with-external-force-application/Hexagon-head-bolts/Hexagon-head-bolts-oxid-24.html?anid=1_650244729,,0.1
RW-ARTIFACT-ART-BOSSARD-BN56-REMOTE,P2,artifact_retrieval,ready,source_artifact,ART-BOSSARD-BN56-REMOTE,,,SRC-BOSSARD-BN56,,Secure verifiable local evidence for BN 56 hex head screws fully threaded,Follow publisher access rules for the remote_only artifact; record bytes and SHA-256 only after successful retrieval: https://www.bossard.com/sg-en/eshop/screws-and-bolts-with-external-drive/hex-head-screws-fully-threaded/p/56/,,0.1
RW-ARTIFACT-ART-EATON-FLEXTRAY-CATALOG-REMOTE,P2,artifact_retrieval,ready,source_artifact,ART-EATON-FLEXTRAY-CATALOG-REMOTE,,,SRC-EATON-FLEXTRAY-CATALOG,,Secure verifiable local evidence for Flextray wire basket section cable tray catalog,Follow publisher access rules for the blocked artifact; record bytes and SHA-256 only after successful retrieval: https://www.eaton.com/content/dam/eaton/products/support-systems/cable-management/flextray-wire-basket-section-cable-tray-catalog.pdf,,0.1
RW-ARTIFACT-ART-EATON-FLEXTRAY-DRAWING-S00015303-REMOTE,P2,artifact_retrieval,ready,source_artifact,ART-EATON-FLEXTRAY-DRAWING-S00015303-REMOTE,,,SRC-EATON-FLEXTRAY-DRAWING-S00015303,,Secure verifiable local evidence for Flextray steel straight section submittal drawing,Follow publisher access rules for the remote_only artifact; record bytes and SHA-256 only after successful retrieval: https://www.eaton.com/content/dam/eaton/products/support-systems/cable-management/flextray-wire-mesh-basket/flextray-submittal-drawings/flextray-straight-sections/S00015303-flextray-steel-straight-section.pdf,,0.1
RW-ARTIFACT-ART-EATON-FLEXTRAY-LOAD-FILL-REMOTE,P2,artifact_retrieval,ready,source_artifact,ART-EATON-FLEXTRAY-LOAD-FILL-REMOTE,,,SRC-EATON-FLEXTRAY-LOAD-FILL,,Secure verifiable local evidence for Flextray load and fill recommendations,Follow publisher access rules for the remote_only artifact; record bytes and SHA-256 only after successful retrieval: https://www.eaton.com/content/dam/eaton/products/support-systems/cable-management/flextray-wire-mesh-basket/flextray-load-fill-recommendations.pdf,,0.1
RW-ARTIFACT-ART-EATON-FLEXTRAY-SPEC-16135-REMOTE,P2,artifact_retrieval,ready,source_artifact,ART-EATON-FLEXTRAY-SPEC-16135-REMOTE,,,SRC-EATON-FLEXTRAY-SPEC-16135,,Secure verifiable local evidence for Flextray Section 16135 cable trays specification,Follow publisher access rules for the blocked artifact; record bytes and SHA-256 only after successful retrieval: https://www.eaton.com/content/dam/eaton/products/support-systems/cable-management/flextray-wire-mesh-basket/flextray-csi-16135-cable-trays-specification.pdf,,0.1
RW-ARTIFACT-ART-EATON-FLEXTRAY-WP302016EN-REMOTE,P2,artifact_retrieval,ready,source_artifact,ART-EATON-FLEXTRAY-WP302016EN-REMOTE,,,SRC-EATON-FLEXTRAY-WP302016EN,,Secure verifiable local evidence for Choosing the right wire basket tray white paper,Follow publisher access rules for the blocked artifact; record bytes and SHA-256 only after successful retrieval: https://www.eaton.com/content/dam/eaton/products/support-systems/cable-management/flextray-wire-mesh-basket/choosing-right-wire-basket-tray-wp302016en.pdf,,0.1
RW-ARTIFACT-ART-EATON-FT6X18X10-BLE-REMOTE,P2,artifact_retrieval,ready,source_artifact,ART-EATON-FT6X18X10-BLE-REMOTE,,,SRC-EATON-FT6X18X10-BLE,,Secure verifiable local evidence for Eaton B-Line Flextray FT6X18X10 BLE exact product page,Follow publisher access rules for the remote_only artifact; record bytes and SHA-256 only after successful retrieval: https://www.eaton.com/us/en-us/skuPage.FT6X18X10%2520BLE.html,,0.1
RW-ARTIFACT-ART-LEGRAND-US-WIRE-MESH-INSTALL-REMOTE,P2,artifact_retrieval,ready,source_artifact,ART-LEGRAND-US-WIRE-MESH-INSTALL-REMOTE,,,SRC-LEGRAND-US-WIRE-MESH-INSTALL,,Secure verifiable local evidence for Cablofil Wire Mesh Cable Tray Installation Instructions,Follow publisher access rules for the remote_only artifact; record bytes and SHA-256 only after successful retrieval: https://www.legrand.us/p/view-asset?downloadUrl=https%3A%2F%2Flegrand.webdamdb.com%2Fdirectdownload.php%3Fti%3D55648558%26tok%3DuWpZaF8QCwFE9W5yVab3wARR%26title%3DCablofil%2BWire%2BMesh%2BCable%2BTray%2BInstallation%2BInstructions,,0.1
RW-ARTIFACT-ART-LEGRAND-US-WIRE-MESH-TECH-GUIDE-REMOTE,P2,artifact_retrieval,ready,source_artifact,ART-LEGRAND-US-WIRE-MESH-TECH-GUIDE-REMOTE,,,SRC-LEGRAND-US-WIRE-MESH-TECH-GUIDE,,Secure verifiable local evidence for Wire Mesh Technical Guide,Follow publisher access rules for the remote_only artifact; record bytes and SHA-256 only after successful retrieval: https://www.legrand.us/p/view-asset?downloadUrl=https%3A%2F%2Flegrand.webdamdb.com%2Fdirectdownload.php%3Fti%3D55644912%26tok%3DjWn7NJUWxUia%2FzBhFGxmOQRR%26title%3DWire%2BMesh%2BTechnical%2BGuide,,0.1
RW-ARTIFACT-ART-NSK-6205ZZ-REMOTE,P2,artifact_retrieval,ready,source_artifact,ART-NSK-6205ZZ-REMOTE,,,SRC-NSK-6205ZZ,,Secure verifiable local evidence for 6205ZZ single-row deep-groove ball bearing,Follow publisher access rules for the remote_only artifact; record bytes and SHA-256 only after successful retrieval: https://www.nsk.com/eu-en/engineering/products/bearings/ball-bearings/deep-groove-ball-bearings/single-row-deep-groove-ball-bearings/6205zz-apn.html,,0.1
RW-ARTIFACT-ART-SKF-6205-2Z-REMOTE,P2,artifact_retrieval,ready,source_artifact,ART-SKF-6205-2Z-REMOTE,,,SRC-SKF-6205-2Z,,Secure verifiable local evidence for 6205-2Z single-row deep-groove ball bearing,Follow publisher access rules for the remote_only artifact; record bytes and SHA-256 only after successful retrieval: https://www.emarketplace.in.skf.com/deep-groove-ball-bearing/6205-2z,,0.1
RW-ARTIFACT-ART-WUERTH-00578-30-REMOTE,P2,artifact_retrieval,ready,source_artifact,ART-WUERTH-00578-30-REMOTE,,,SRC-WUERTH-00578-30,,Secure verifiable local evidence for ISO 4017 steel 8.8 zinc-plated blue-passivated M8 x 30 article 00578 30,Follow publisher access rules for the remote_only artifact; record bytes and SHA-256 only after successful retrieval: https://eshop.wuerth.de/Hexagon-bolt-with-thread-up-to-the-head-ISO-4017-steel-88-zinc-plated-blue-passivated-A2K-SCR-HEX-ISO4017-88-WS13-A2K-M8X30/00578%20%2030.sku/en/US/EUR/?CampaignName=CS002,,0.1
RW-EXTERNAL-ID-EXT-NSN-5305-12-337-0503,P2,external_identifier_verification,ready,external_identifier,EXT-NSN-5305-12-337-0503,,,,,Authority-verify NSN 5305-12-337-0503,Obtain an exact record from NATO Codification System or keep the identifier explicitly unverified.,,0.1
RW-OBSERVATION-OBS-NSK-6205ZZ-20260930,P2,observation_review,ready,observation,OBS-NSK-6205ZZ-20260930,PROFILE-BEARING-DGBB-1R-DOUBLE-METAL-SHIELD-0.1,MP-NSK-6205ZZ,SRC-NSK-6205ZZ,,Review source observation for 6205ZZ,"Check the exact source locator, transcription, units, qualifiers, and article scope before accepting or rejecting it: Product information and properties",,0.1
RW-OBSERVATION-OBS-ATKORE-LEK101RHG-PAGE,P2,observation_review,ready,observation,OBS-ATKORE-LEK101RHG-PAGE,PROFILE-CABLE-LADDER-STRAIGHT-STEEL-0.1,MP-ATKORE-LEK101RHG,SRC-ATKORE-LEK101RHG,,Review source observation for LEK101RHG,"Check the exact source locator, transcription, units, qualifiers, and article scope before accepting or rejecting it: Embedded structured product fields and dimension drawing",,0.1
RW-OBSERVATION-OBS-ATKORE-LEK101RHG-SHEET,P2,observation_review,ready,observation,OBS-ATKORE-LEK101RHG-SHEET,PROFILE-CABLE-LADDER-STRAIGHT-STEEL-0.1,MP-ATKORE-LEK101RHG,SRC-ATKORE-NEMA20B-DATASHEET,,Review source observation for LEK101RHG,"Check the exact source locator, transcription, units, qualifiers, and article scope before accepting or rejecting it: Pages 1-4",,0.1
RW-OBSERVATION-OBS-ATKORE-LEK103RHG-PAGE,P2,observation_review,ready,observation,OBS-ATKORE-LEK103RHG-PAGE,PROFILE-CABLE-LADDER-STRAIGHT-STEEL-0.1,MP-ATKORE-LEK103RHG,SRC-ATKORE-LEK103RHG,,Review source observation for LEK103RHG,"Check the exact source locator, transcription, units, qualifiers, and article scope before accepting or rejecting it: Embedded structured product fields and dimension drawing",,0.1
RW-OBSERVATION-OBS-ATKORE-LEK103RHG-SHEET,P2,observation_review,ready,observation,OBS-ATKORE-LEK103RHG-SHEET,PROFILE-CABLE-LADDER-STRAIGHT-STEEL-0.1,MP-ATKORE-LEK103RHG,SRC-ATKORE-NEMA20B-DATASHEET,,Review source observation for LEK103RHG,"Check the exact source locator, transcription, units, qualifiers, and article scope before accepting or rejecting it: Pages 1-4",,0.1
RW-OBSERVATION-OBS-ATKORE-LEK104RHG-PAGE,P2,observation_review,ready,observation,OBS-ATKORE-LEK104RHG-PAGE,PROFILE-CABLE-LADDER-STRAIGHT-STEEL-0.1,MP-ATKORE-LEK104RHG,SRC-ATKORE-LEK104RHG,,Review source observation for LEK104RHG,"Check the exact source locator, transcription, units, qualifiers, and article scope before accepting or rejecting it: Embedded structured product fields and dimension drawing",,0.1
RW-OBSERVATION-OBS-ATKORE-LEK104RHG-SHEET,P2,observation_review,ready,observation,OBS-ATKORE-LEK104RHG-SHEET,PROFILE-CABLE-LADDER-STRAIGHT-STEEL-0.1,MP-ATKORE-LEK104RHG,SRC-ATKORE-NEMA20B-DATASHEET,,Review source observation for LEK104RHG,"Check the exact source locator, transcription, units, qualifiers, and article scope before accepting or rejecting it: Pages 1-4",,0.1
RW-OBSERVATION-OBS-ATKORE-LEK106RHG-PAGE,P2,observation_review,ready,observation,OBS-ATKORE-LEK106RHG-PAGE,PROFILE-CABLE-LADDER-STRAIGHT-STEEL-0.1,MP-ATKORE-LEK106RHG,SRC-ATKORE-LEK106RHG,,Review source observation for LEK106RHG,"Check the exact source locator, transcription, units, qualifiers, and article scope before accepting or rejecting it: Embedded structured product fields and dimension drawing",,0.1
RW-OBSERVATION-OBS-ATKORE-LEK106RHG-SHEET,P2,observation_review,ready,observation,OBS-ATKORE-LEK106RHG-SHEET,PROFILE-CABLE-LADDER-STRAIGHT-STEEL-0.1,MP-ATKORE-LEK106RHG,SRC-ATKORE-NEMA20B-DATASHEET,,Review source observation for LEK106RHG,"Check the exact source locator, transcription, units, qualifiers, and article scope before accepting or rejecting it: Pages 1-4",,0.1
RW-OBSERVATION-OBS-LEGRAND-ZL300G6M-20260930,P2,observation_review,ready,observation,OBS-LEGRAND-ZL300G6M-20260930,PROFILE-CABLE-LADDER-STRAIGHT-STEEL-0.1,MP-LEGRAND-ZL300G6M,SRC-LEGRAND-ZL300G6M,,Review source observation for ZL300G6M,"Check the exact source locator, transcription, units, qualifiers, and article scope before accepting or rejecting it: Technical characteristics",,0.1
RW-OBSERVATION-OBS-LEGRAND-ZL450G-20260930,P2,observation_review,ready,observation,OBS-LEGRAND-ZL450G-20260930,PROFILE-CABLE-LADDER-STRAIGHT-STEEL-0.1,MP-LEGRAND-ZL450G,SRC-LEGRAND-ZL450G,,Review source observation for ZL450G,"Check the exact source locator, transcription, units, qualifiers, and article scope before accepting or rejecting it: Technical characteristics",,0.1
RW-OBSERVATION-OBS-LEGRAND-ZL450G6M-20260930,P2,observation_review,ready,observation,OBS-LEGRAND-ZL450G6M-20260930,PROFILE-CABLE-LADDER-STRAIGHT-STEEL-0.1,MP-LEGRAND-ZL450G6M,SRC-LEGRAND-ZL450G6M,,Review source observation for ZL450G6M,"Check the exact source locator, transcription, units, qualifiers, and article scope before accepting or rejecting it: Technical characteristics",,0.1
RW-OBSERVATION-OBS-LEGRAND-ZL600G-20260930,P2,observation_review,ready,observation,OBS-LEGRAND-ZL600G-20260930,PROFILE-CABLE-LADDER-STRAIGHT-STEEL-0.1,MP-LEGRAND-ZL600G,SRC-LEGRAND-ZL600G,,Review source observation for ZL600G,"Check the exact source locator, transcription, units, qualifiers, and article scope before accepting or rejecting it: Technical characteristics",,0.1
RW-OBSERVATION-OBS-LEGRAND-ZL600G6M-20260930,P2,observation_review,ready,observation,OBS-LEGRAND-ZL600G6M-20260930,PROFILE-CABLE-LADDER-STRAIGHT-STEEL-0.1,MP-LEGRAND-ZL600G6M,SRC-LEGRAND-ZL600G6M,,Review source observation for ZL600G6M,"Check the exact source locator, transcription, units, qualifiers, and article scope before accepting or rejecting it: Technical characteristics",,0.1
RW-OBSERVATION-OBS-LEGRAND-ZL750G-20260930,P2,observation_review,ready,observation,OBS-LEGRAND-ZL750G-20260930,PROFILE-CABLE-LADDER-STRAIGHT-STEEL-0.1,MP-LEGRAND-ZL750G,SRC-LEGRAND-ZL750G,,Review source observation for ZL750G,"Check the exact source locator, transcription, units, qualifiers, and article scope before accepting or rejecting it: Technical characteristics",,0.1
RW-OBSERVATION-OBS-OBO-LCIS620-DATASHEET,P2,observation_review,ready,observation,OBS-OBO-LCIS620-DATASHEET,PROFILE-CABLE-LADDER-STRAIGHT-STEEL-0.1,MP-OBO-LCIS620,SRC-OBO-LCIS620,,Review source observation for 6209721,"Check the exact source locator, transcription, units, qualifiers, and article scope before accepting or rejecting it: Technical datasheet pages 1-3",,0.1
RW-OBSERVATION-OBS-OBO-LCIS630-DATASHEET,P2,observation_review,ready,observation,OBS-OBO-LCIS630-DATASHEET,PROFILE-CABLE-LADDER-STRAIGHT-STEEL-0.1,MP-OBO-LCIS630,SRC-OBO-LCIS630,,Review source observation for 6209723,"Check the exact source locator, transcription, units, qualifiers, and article scope before accepting or rejecting it: Technical datasheet pages 1-3",,0.1
RW-OBSERVATION-OBS-OBO-LCIS640-DATASHEET,P2,observation_review,ready,observation,OBS-OBO-LCIS640-DATASHEET,PROFILE-CABLE-LADDER-STRAIGHT-STEEL-0.1,MP-OBO-LCIS640,SRC-OBO-LCIS640,,Review source observation for 6209725,"Check the exact source locator, transcription, units, qualifiers, and article scope before accepting or rejecting it: Technical datasheet pages 1-3",,0.1
RW-OBSERVATION-OBS-OBO-LCIS650-DATASHEET,P2,observation_review,ready,observation,OBS-OBO-LCIS650-DATASHEET,PROFILE-CABLE-LADDER-STRAIGHT-STEEL-0.1,MP-OBO-LCIS650,SRC-OBO-LCIS650,,Review source observation for 6209727,"Check the exact source locator, transcription, units, qualifiers, and article scope before accepting or rejecting it: Technical datasheet pages 1-2",,0.1
RW-OBSERVATION-OBS-OBO-LCIS660-DATASHEET,P2,observation_review,ready,observation,OBS-OBO-LCIS660-DATASHEET,PROFILE-CABLE-LADDER-STRAIGHT-STEEL-0.1,MP-OBO-LCIS660,SRC-OBO-LCIS660,,Review source observation for 6209729,"Check the exact source locator, transcription, units, qualifiers, and article scope before accepting or rejecting it: Technical datasheet pages 1-2",,0.1
RW-OBSERVATION-OBS-OGLAEND-1371511-PRODUCT,P2,observation_review,ready,observation,OBS-OGLAEND-1371511-PRODUCT,PROFILE-CABLE-LADDER-STRAIGHT-STEEL-0.1,MP-OGLAEND-1371511,SRC-OGLAEND-1371511,,Review source observation for 1371511,"Check the exact source locator, transcription, units, qualifiers, and article scope before accepting or rejecting it: Characteristics",,0.1
RW-OBSERVATION-OBS-OGLAEND-1371511-SYSTEM,P2,observation_review,ready,observation,OBS-OGLAEND-1371511-SYSTEM,PROFILE-CABLE-LADDER-STRAIGHT-STEEL-0.1,MP-OGLAEND-1371511,SRC-OGLAEND-LOE-SYSTEM,,Review source observation for 1371511,"Check the exact source locator, transcription, units, qualifiers, and article scope before accepting or rejecting it: System overview; data; design details",,0.1
RW-OBSERVATION-OBS-OGLAEND-1371512-PRODUCT,P2,observation_review,ready,observation,OBS-OGLAEND-1371512-PRODUCT,PROFILE-CABLE-LADDER-STRAIGHT-STEEL-0.1,MP-OGLAEND-1371512,SRC-OGLAEND-1371512,,Review source observation for 1371512,"Check the exact source locator, transcription, units, qualifiers, and article scope before accepting or rejecting it: Characteristics",,0.1
RW-OBSERVATION-OBS-OGLAEND-1371512-SYSTEM,P2,observation_review,ready,observation,OBS-OGLAEND-1371512-SYSTEM,PROFILE-CABLE-LADDER-STRAIGHT-STEEL-0.1,MP-OGLAEND-1371512,SRC-OGLAEND-LOE-SYSTEM,,Review source observation for 1371512,"Check the exact source locator, transcription, units, qualifiers, and article scope before accepting or rejecting it: System overview; data; design details",,0.1
RW-OBSERVATION-OBS-OGLAEND-1371513-PRODUCT,P2,observation_review,ready,observation,OBS-OGLAEND-1371513-PRODUCT,PROFILE-CABLE-LADDER-STRAIGHT-STEEL-0.1,MP-OGLAEND-1371513,SRC-OGLAEND-1371513,,Review source observation for 1371513,"Check the exact source locator, transcription, units, qualifiers, and article scope before accepting or rejecting it: Characteristics",,0.1
RW-OBSERVATION-OBS-OGLAEND-1371513-SYSTEM,P2,observation_review,ready,observation,OBS-OGLAEND-1371513-SYSTEM,PROFILE-CABLE-LADDER-STRAIGHT-STEEL-0.1,MP-OGLAEND-1371513,SRC-OGLAEND-LOE-SYSTEM,,Review source observation for 1371513,"Check the exact source locator, transcription, units, qualifiers, and article scope before accepting or rejecting it: System overview; data; design details",,0.1
RW-OBSERVATION-OBS-OGLAEND-1371514-PRODUCT,P2,observation_review,ready,observation,OBS-OGLAEND-1371514-PRODUCT,PROFILE-CABLE-LADDER-STRAIGHT-STEEL-0.1,MP-OGLAEND-1371514,SRC-OGLAEND-1371514,,Review source observation for 1371514,"Check the exact source locator, transcription, units, qualifiers, and article scope before accepting or rejecting it: Characteristics",,0.1
RW-OBSERVATION-OBS-OGLAEND-1371514-SYSTEM,P2,observation_review,ready,observation,OBS-OGLAEND-1371514-SYSTEM,PROFILE-CABLE-LADDER-STRAIGHT-STEEL-0.1,MP-OGLAEND-1371514,SRC-OGLAEND-LOE-SYSTEM,,Review source observation for 1371514,"Check the exact source locator, transcription, units, qualifiers, and article scope before accepting or rejecting it: System overview; data; design details",,0.1
RW-OBSERVATION-OBS-OGLAEND-1371515-PRODUCT,P2,observation_review,ready,observation,OBS-OGLAEND-1371515-PRODUCT,PROFILE-CABLE-LADDER-STRAIGHT-STEEL-0.1,MP-OGLAEND-1371515,SRC-OGLAEND-1371515,,Review source observation for 1371515,"Check the exact source locator, transcription, units, qualifiers, and article scope before accepting or rejecting it: Characteristics",,0.1
RW-OBSERVATION-OBS-OGLAEND-1371515-SYSTEM,P2,observation_review,ready,observation,OBS-OGLAEND-1371515-SYSTEM,PROFILE-CABLE-LADDER-STRAIGHT-STEEL-0.1,MP-OGLAEND-1371515,SRC-OGLAEND-LOE-SYSTEM,,Review source observation for 1371515,"Check the exact source locator, transcription, units, qualifiers, and article scope before accepting or rejecting it: System overview; data; design details",,0.1
RW-OBSERVATION-OBS-BOELLHOFF-401788VZD830,P2,observation_review,ready,observation,OBS-BOELLHOFF-401788VZD830,PROFILE-FASTENER-HEX-FULL-ISO4017-0.1,MP-BOELLHOFF-401788VZD830,SRC-BOELLHOFF-401788VZD830,,Review source observation for 40178.8VZD830,"Check the exact source locator, transcription, units, qualifiers, and article scope before accepting or rejecting it: Exact variant page; description and technical details tabs",,0.1
RW-OBSERVATION-OBS-BOSSARD-1049860,P2,observation_review,ready,observation,OBS-BOSSARD-1049860,PROFILE-FASTENER-HEX-FULL-ISO4017-0.1,MP-BOSSARD-1049860,SRC-BOSSARD-BN56,,Review source observation for 1049860,"Check the exact source locator, transcription, units, qualifiers, and article scope before accepting or rejecting it: Dynamic catalogue variant 1049860",,0.1
RW-OBSERVATION-OBS-FABORY-01210080030,P2,observation_review,ready,observation,OBS-FABORY-01210080030,PROFILE-FASTENER-HEX-FULL-ISO4017-0.1,MP-FABORY-01210080030,SRC-FABORY-01210080030,,Review source observation for 01210.080.030,"Check the exact source locator, transcription, units, qualifiers, and article scope before accepting or rejecting it: Generated product PDF and exact product page",,0.1
RW-OBSERVATION-OBS-WUERTH-00578-30,P2,observation_review,ready,observation,OBS-WUERTH-00578-30,PROFILE-FASTENER-HEX-FULL-ISO4017-0.1,MP-WUERTH-00578-30,SRC-WUERTH-00578-30,,Review source observation for 00578 30,"Check the exact source locator, transcription, units, qualifiers, and article scope before accepting or rejecting it: Product information table",,0.1
RW-OBSERVATION-OBS-EATON-FLEXTRAY-FAMILY,P2,observation_review,ready,observation,OBS-EATON-FLEXTRAY-FAMILY,PROFILE-WIRE-MESH-BASKET-STRAIGHT-STEEL-0.1,MP-EATON-FT6X18X10-BLE,SRC-EATON-FLEXTRAY-FAMILY,,Review source observation for FT6X18X10 BLE,"Check the exact source locator, transcription, units, qualifiers, and article scope before accepting or rejecting it: Product overview and specifications",,0.1
RW-OBSERVATION-OBS-EATON-FT6X18-CATALOG,P2,observation_review,ready,observation,OBS-EATON-FT6X18-CATALOG,PROFILE-WIRE-MESH-BASKET-STRAIGHT-STEEL-0.1,MP-EATON-FT6X18X10-BLE,SRC-EATON-FLEXTRAY-CATALOG,,Review source observation for FT6X18X10 BLE,"Check the exact source locator, transcription, units, qualifiers, and article scope before accepting or rejecting it: FT6 straight-section table and construction notes",,0.1
RW-OBSERVATION-OBS-EATON-FT6X18-DRAWING,P2,observation_review,ready,observation,OBS-EATON-FT6X18-DRAWING,PROFILE-WIRE-MESH-BASKET-STRAIGHT-STEEL-0.1,MP-EATON-FT6X18X10-BLE,SRC-EATON-FLEXTRAY-DRAWING-S00015303,,Review source observation for FT6X18X10 BLE,"Check the exact source locator, transcription, units, qualifiers, and article scope before accepting or rejecting it: Family straight-section drawing and Note 2",,0.1
RW-OBSERVATION-OBS-EATON-FT6X18-LOAD-FILL,P2,observation_review,ready,observation,OBS-EATON-FT6X18-LOAD-FILL,PROFILE-WIRE-MESH-BASKET-STRAIGHT-STEEL-0.1,MP-EATON-FT6X18X10-BLE,SRC-EATON-FLEXTRAY-LOAD-FILL,,Review source observation for FT6X18X10 BLE,"Check the exact source locator, transcription, units, qualifiers, and article scope before accepting or rejecting it: FT6X18 load and fill row",,0.1
RW-OBSERVATION-OBS-EATON-FT6X18-SPEC-16135,P2,observation_review,ready,observation,OBS-EATON-FT6X18-SPEC-16135,PROFILE-WIRE-MESH-BASKET-STRAIGHT-STEEL-0.1,MP-EATON-FT6X18X10-BLE,SRC-EATON-FLEXTRAY-SPEC-16135,,Review source observation for FT6X18X10 BLE,"Check the exact source locator, transcription, units, qualifiers, and article scope before accepting or rejecting it: Part 2 Products family requirements",,0.1
RW-OBSERVATION-OBS-EATON-FT6X18-WP302016EN,P2,observation_review,ready,observation,OBS-EATON-FT6X18-WP302016EN,PROFILE-WIRE-MESH-BASKET-STRAIGHT-STEEL-0.1,MP-EATON-FT6X18X10-BLE,SRC-EATON-FLEXTRAY-WP302016EN,,Review source observation for FT6X18X10 BLE,"Check the exact source locator, transcription, units, qualifiers, and article scope before accepting or rejecting it: Load chart and UL splice chart",,0.1
RW-OBSERVATION-OBS-EATON-FT6X18X10-BLE,P2,observation_review,ready,observation,OBS-EATON-FT6X18X10-BLE,PROFILE-WIRE-MESH-BASKET-STRAIGHT-STEEL-0.1,MP-EATON-FT6X18X10-BLE,SRC-EATON-FT6X18X10-BLE,,Review source observation for FT6X18X10 BLE,"Check the exact source locator, transcription, units, qualifiers, and article scope before accepting or rejecting it: Product specifications",,0.1
RW-OBSERVATION-OBS-LEGRAND-US-CF150450-INSTALL,P2,observation_review,ready,observation,OBS-LEGRAND-US-CF150450-INSTALL,PROFILE-WIRE-MESH-BASKET-STRAIGHT-STEEL-0.1,MP-LEGRAND-US-CF150450BL,SRC-LEGRAND-US-WIRE-MESH-INSTALL,,Review source observation for CF150/450BL,"Check the exact source locator, transcription, units, qualifiers, and article scope before accepting or rejecting it: CF105-CF150 splicing tables for 450 mm width",,0.1
RW-OBSERVATION-OBS-LEGRAND-US-CF150450-TECH-GUIDE,P2,observation_review,ready,observation,OBS-LEGRAND-US-CF150450-TECH-GUIDE,PROFILE-WIRE-MESH-BASKET-STRAIGHT-STEEL-0.1,MP-LEGRAND-US-CF150450BL,SRC-LEGRAND-US-WIRE-MESH-TECH-GUIDE,,Review source observation for CF150/450BL,"Check the exact source locator, transcription, units, qualifiers, and article scope before accepting or rejecting it: CF150/450 load-table row",,0.1
RW-OBSERVATION-OBS-LEGRAND-US-CF150450BL-CUTSHEET,P2,observation_review,ready,observation,OBS-LEGRAND-US-CF150450BL-CUTSHEET,PROFILE-WIRE-MESH-BASKET-STRAIGHT-STEEL-0.1,MP-LEGRAND-US-CF150450BL,SRC-LEGRAND-US-CF150-CUTSHEET,,Review source observation for CF150/450BL,"Check the exact source locator, transcription, units, qualifiers, and article scope before accepting or rejecting it: Complete one-page drawing CABCS0483.E; CF150/450 row",,0.1
RW-OBSERVATION-OBS-LEGRAND-US-CF150450BL-PAGE,P2,observation_review,ready,observation,OBS-LEGRAND-US-CF150450BL-PAGE,PROFILE-WIRE-MESH-BASKET-STRAIGHT-STEEL-0.1,MP-LEGRAND-US-CF150450BL,SRC-LEGRAND-US-CF150450BL,,Review source observation for CF150/450BL,"Check the exact source locator, transcription, units, qualifiers, and article scope before accepting or rejecting it: Exact product specifications, features, and manufacturer technical-support answer",,0.1
RW-EVIDENCE-MP-NSK-6205ZZ-PROP-BEARING-MATERIAL,P2,required_evidence_gap,ready,manufacturer_part_property,MP-NSK-6205ZZ:PROP-BEARING-MATERIAL,PROFILE-BEARING-DGBB-1R-DOUBLE-METAL-SHIELD-0.1,MP-NSK-6205ZZ,,PROP-BEARING-MATERIAL,Find primary evidence for 6205ZZ — Bearing material,"Locate an exact-article, first-party statement or record the field as unproven; do not infer from a family page or similar part.",,0.1
RW-EVIDENCE-MP-NSK-6205ZZ-PROP-BORE-TYPE,P2,required_evidence_gap,ready,manufacturer_part_property,MP-NSK-6205ZZ:PROP-BORE-TYPE,PROFILE-BEARING-DGBB-1R-DOUBLE-METAL-SHIELD-0.1,MP-NSK-6205ZZ,,PROP-BORE-TYPE,Find primary evidence for 6205ZZ — Bore type,"Locate an exact-article, first-party statement or record the field as unproven; do not infer from a family page or similar part.",,0.1
RW-EVIDENCE-MP-NSK-6205ZZ-PROP-SUPPLIED-LUBRICANT,P2,required_evidence_gap,ready,manufacturer_part_property,MP-NSK-6205ZZ:PROP-SUPPLIED-LUBRICANT,PROFILE-BEARING-DGBB-1R-DOUBLE-METAL-SHIELD-0.1,MP-NSK-6205ZZ,,PROP-SUPPLIED-LUBRICANT,Find primary evidence for 6205ZZ — Supplied lubricant,"Locate an exact-article, first-party statement or record the field as unproven; do not infer from a family page or similar part.",,0.1
RW-EVIDENCE-MP-ATKORE-LEK101RHG-PROP-RUNG-ATTACHMENT,P2,required_evidence_gap,ready,manufacturer_part_property,MP-ATKORE-LEK101RHG:PROP-RUNG-ATTACHMENT,PROFILE-CABLE-LADDER-STRAIGHT-STEEL-0.1,MP-ATKORE-LEK101RHG,,PROP-RUNG-ATTACHMENT,Find primary evidence for LEK101RHG — Rung attachment,"Locate an exact-article, first-party statement or record the field as unproven; do not infer from a family page or similar part.",,0.1
RW-EVIDENCE-MP-ATKORE-LEK101RHG-PROP-RUNG-PROFILE,P2,required_evidence_gap,ready,manufacturer_part_property,MP-ATKORE-LEK101RHG:PROP-RUNG-PROFILE,PROFILE-CABLE-LADDER-STRAIGHT-STEEL-0.1,MP-ATKORE-LEK101RHG,,PROP-RUNG-PROFILE,Find primary evidence for LEK101RHG — Rung profile,"Locate an exact-article, first-party statement or record the field as unproven; do not infer from a family page or similar part.",,0.1
RW-EVIDENCE-MP-ATKORE-LEK101RHG-PROP-SIDE-PERFORATION,P2,required_evidence_gap,ready,manufacturer_part_property,MP-ATKORE-LEK101RHG:PROP-SIDE-PERFORATION,PROFILE-CABLE-LADDER-STRAIGHT-STEEL-0.1,MP-ATKORE-LEK101RHG,,PROP-SIDE-PERFORATION,Find primary evidence for LEK101RHG — Side perforation,"Locate an exact-article, first-party statement or record the field as unproven; do not infer from a family page or similar part.",,0.1
RW-EVIDENCE-MP-ATKORE-LEK101RHG-PROP-SPLICES-INCLUDED,P2,required_evidence_gap,ready,manufacturer_part_property,MP-ATKORE-LEK101RHG:PROP-SPLICES-INCLUDED,PROFILE-CABLE-LADDER-STRAIGHT-STEEL-0.1,MP-ATKORE-LEK101RHG,,PROP-SPLICES-INCLUDED,Find primary evidence for LEK101RHG — Splice hardware included,"Locate an exact-article, first-party statement or record the field as unproven; do not infer from a family page or similar part.",,0.1
RW-EVIDENCE-MP-ATKORE-LEK103RHG-PROP-RUNG-ATTACHMENT,P2,required_evidence_gap,ready,manufacturer_part_property,MP-ATKORE-LEK103RHG:PROP-RUNG-ATTACHMENT,PROFILE-CABLE-LADDER-STRAIGHT-STEEL-0.1,MP-ATKORE-LEK103RHG,,PROP-RUNG-ATTACHMENT,Find primary evidence for LEK103RHG — Rung attachment,"Locate an exact-article, first-party statement or record the field as unproven; do not infer from a family page or similar part.",,0.1
RW-EVIDENCE-MP-ATKORE-LEK103RHG-PROP-RUNG-PROFILE,P2,required_evidence_gap,ready,manufacturer_part_property,MP-ATKORE-LEK103RHG:PROP-RUNG-PROFILE,PROFILE-CABLE-LADDER-STRAIGHT-STEEL-0.1,MP-ATKORE-LEK103RHG,,PROP-RUNG-PROFILE,Find primary evidence for LEK103RHG — Rung profile,"Locate an exact-article, first-party statement or record the field as unproven; do not infer from a family page or similar part.",,0.1
RW-EVIDENCE-MP-ATKORE-LEK103RHG-PROP-SIDE-PERFORATION,P2,required_evidence_gap,ready,manufacturer_part_property,MP-ATKORE-LEK103RHG:PROP-SIDE-PERFORATION,PROFILE-CABLE-LADDER-STRAIGHT-STEEL-0.1,MP-ATKORE-LEK103RHG,,PROP-SIDE-PERFORATION,Find primary evidence for LEK103RHG — Side perforation,"Locate an exact-article, first-party statement or record the field as unproven; do not infer from a family page or similar part.",,0.1
RW-EVIDENCE-MP-ATKORE-LEK103RHG-PROP-SPLICES-INCLUDED,P2,required_evidence_gap,ready,manufacturer_part_property,MP-ATKORE-LEK103RHG:PROP-SPLICES-INCLUDED,PROFILE-CABLE-LADDER-STRAIGHT-STEEL-0.1,MP-ATKORE-LEK103RHG,,PROP-SPLICES-INCLUDED,Find primary evidence for LEK103RHG — Splice hardware included,"Locate an exact-article, first-party statement or record the field as unproven; do not infer from a family page or similar part.",,0.1
RW-EVIDENCE-MP-ATKORE-LEK104RHG-PROP-RUNG-ATTACHMENT,P2,required_evidence_gap,ready,manufacturer_part_property,MP-ATKORE-LEK104RHG:PROP-RUNG-ATTACHMENT,PROFILE-CABLE-LADDER-STRAIGHT-STEEL-0.1,MP-ATKORE-LEK104RHG,,PROP-RUNG-ATTACHMENT,Find primary evidence for LEK104RHG — Rung attachment,"Locate an exact-article, first-party statement or record the field as unproven; do not infer from a family page or similar part.",,0.1
RW-EVIDENCE-MP-ATKORE-LEK104RHG-PROP-RUNG-PROFILE,P2,required_evidence_gap,ready,manufacturer_part_property,MP-ATKORE-LEK104RHG:PROP-RUNG-PROFILE,PROFILE-CABLE-LADDER-STRAIGHT-STEEL-0.1,MP-ATKORE-LEK104RHG,,PROP-RUNG-PROFILE,Find primary evidence for LEK104RHG — Rung profile,"Locate an exact-article, first-party statement or record the field as unproven; do not infer from a family page or similar part.",,0.1
RW-EVIDENCE-MP-ATKORE-LEK104RHG-PROP-SIDE-PERFORATION,P2,required_evidence_gap,ready,manufacturer_part_property,MP-ATKORE-LEK104RHG:PROP-SIDE-PERFORATION,PROFILE-CABLE-LADDER-STRAIGHT-STEEL-0.1,MP-ATKORE-LEK104RHG,,PROP-SIDE-PERFORATION,Find primary evidence for LEK104RHG — Side perforation,"Locate an exact-article, first-party statement or record the field as unproven; do not infer from a family page or similar part.",,0.1
RW-EVIDENCE-MP-ATKORE-LEK104RHG-PROP-SPLICES-INCLUDED,P2,required_evidence_gap,ready,manufacturer_part_property,MP-ATKORE-LEK104RHG:PROP-SPLICES-INCLUDED,PROFILE-CABLE-LADDER-STRAIGHT-STEEL-0.1,MP-ATKORE-LEK104RHG,,PROP-SPLICES-INCLUDED,Find primary evidence for LEK104RHG — Splice hardware included,"Locate an exact-article, first-party statement or record the field as unproven; do not infer from a family page or similar part.",,0.1
RW-EVIDENCE-MP-ATKORE-LEK106RHG-PROP-RUNG-ATTACHMENT,P2,required_evidence_gap,ready,manufacturer_part_property,MP-ATKORE-LEK106RHG:PROP-RUNG-ATTACHMENT,PROFILE-CABLE-LADDER-STRAIGHT-STEEL-0.1,MP-ATKORE-LEK106RHG,,PROP-RUNG-ATTACHMENT,Find primary evidence for LEK106RHG — Rung attachment,"Locate an exact-article, first-party statement or record the field as unproven; do not infer from a family page or similar part.",,0.1
RW-EVIDENCE-MP-ATKORE-LEK106RHG-PROP-RUNG-PROFILE,P2,required_evidence_gap,ready,manufacturer_part_property,MP-ATKORE-LEK106RHG:PROP-RUNG-PROFILE,PROFILE-CABLE-LADDER-STRAIGHT-STEEL-0.1,MP-ATKORE-LEK106RHG,,PROP-RUNG-PROFILE,Find primary evidence for LEK106RHG — Rung profile,"Locate an exact-article, first-party statement or record the field as unproven; do not infer from a family page or similar part.",,0.1
RW-EVIDENCE-MP-ATKORE-LEK106RHG-PROP-SIDE-PERFORATION,P2,required_evidence_gap,ready,manufacturer_part_property,MP-ATKORE-LEK106RHG:PROP-SIDE-PERFORATION,PROFILE-CABLE-LADDER-STRAIGHT-STEEL-0.1,MP-ATKORE-LEK106RHG,,PROP-SIDE-PERFORATION,Find primary evidence for LEK106RHG — Side perforation,"Locate an exact-article, first-party statement or record the field as unproven; do not infer from a family page or similar part.",,0.1
RW-EVIDENCE-MP-ATKORE-LEK106RHG-PROP-SPLICES-INCLUDED,P2,required_evidence_gap,ready,manufacturer_part_property,MP-ATKORE-LEK106RHG:PROP-SPLICES-INCLUDED,PROFILE-CABLE-LADDER-STRAIGHT-STEEL-0.1,MP-ATKORE-LEK106RHG,,PROP-SPLICES-INCLUDED,Find primary evidence for LEK106RHG — Splice hardware included,"Locate an exact-article, first-party statement or record the field as unproven; do not infer from a family page or similar part.",,0.1
RW-EVIDENCE-MP-LEGRAND-ZL300G6M-PROP-SPLICES-INCLUDED,P2,required_evidence_gap,ready,manufacturer_part_property,MP-LEGRAND-ZL300G6M:PROP-SPLICES-INCLUDED,PROFILE-CABLE-LADDER-STRAIGHT-STEEL-0.1,MP-LEGRAND-ZL300G6M,,PROP-SPLICES-INCLUDED,Find primary evidence for ZL300G6M — Splice hardware included,"Locate an exact-article, first-party statement or record the field as unproven; do not infer from a family page or similar part.",,0.1
RW-EVIDENCE-MP-LEGRAND-ZL450G6M-PROP-SPLICES-INCLUDED,P2,required_evidence_gap,ready,manufacturer_part_property,MP-LEGRAND-ZL450G6M:PROP-SPLICES-INCLUDED,PROFILE-CABLE-LADDER-STRAIGHT-STEEL-0.1,MP-LEGRAND-ZL450G6M,,PROP-SPLICES-INCLUDED,Find primary evidence for ZL450G6M — Splice hardware included,"Locate an exact-article, first-party statement or record the field as unproven; do not infer from a family page or similar part.",,0.1
RW-EVIDENCE-MP-LEGRAND-ZL450G-PROP-SPLICES-INCLUDED,P2,required_evidence_gap,ready,manufacturer_part_property,MP-LEGRAND-ZL450G:PROP-SPLICES-INCLUDED,PROFILE-CABLE-LADDER-STRAIGHT-STEEL-0.1,MP-LEGRAND-ZL450G,,PROP-SPLICES-INCLUDED,Find primary evidence for ZL450G — Splice hardware included,"Locate an exact-article, first-party statement or record the field as unproven; do not infer from a family page or similar part.",,0.1
RW-EVIDENCE-MP-LEGRAND-ZL600G6M-PROP-SPLICES-INCLUDED,P2,required_evidence_gap,ready,manufacturer_part_property,MP-LEGRAND-ZL600G6M:PROP-SPLICES-INCLUDED,PROFILE-CABLE-LADDER-STRAIGHT-STEEL-0.1,MP-LEGRAND-ZL600G6M,,PROP-SPLICES-INCLUDED,Find primary evidence for ZL600G6M — Splice hardware included,"Locate an exact-article, first-party statement or record the field as unproven; do not infer from a family page or similar part.",,0.1
RW-EVIDENCE-MP-LEGRAND-ZL600G-PROP-SPLICES-INCLUDED,P2,required_evidence_gap,ready,manufacturer_part_property,MP-LEGRAND-ZL600G:PROP-SPLICES-INCLUDED,PROFILE-CABLE-LADDER-STRAIGHT-STEEL-0.1,MP-LEGRAND-ZL600G,,PROP-SPLICES-INCLUDED,Find primary evidence for ZL600G — Splice hardware included,"Locate an exact-article, first-party statement or record the field as unproven; do not infer from a family page or similar part.",,0.1
RW-EVIDENCE-MP-LEGRAND-ZL750G-PROP-SPLICES-INCLUDED,P2,required_evidence_gap,ready,manufacturer_part_property,MP-LEGRAND-ZL750G:PROP-SPLICES-INCLUDED,PROFILE-CABLE-LADDER-STRAIGHT-STEEL-0.1,MP-LEGRAND-ZL750G,,PROP-SPLICES-INCLUDED,Find primary evidence for ZL750G — Splice hardware included,"Locate an exact-article, first-party statement or record the field as unproven; do not infer from a family page or similar part.",,0.1
RW-EVIDENCE-MP-OBO-LCIS620-PROP-SPLICES-INCLUDED,P2,required_evidence_gap,ready,manufacturer_part_property,MP-OBO-LCIS620:PROP-SPLICES-INCLUDED,PROFILE-CABLE-LADDER-STRAIGHT-STEEL-0.1,MP-OBO-LCIS620,,PROP-SPLICES-INCLUDED,Find primary evidence for 6209721 — Splice hardware included,"Locate an exact-article, first-party statement or record the field as unproven; do not infer from a family page or similar part.",,0.1
RW-EVIDENCE-MP-OBO-LCIS630-PROP-SPLICES-INCLUDED,P2,required_evidence_gap,ready,manufacturer_part_property,MP-OBO-LCIS630:PROP-SPLICES-INCLUDED,PROFILE-CABLE-LADDER-STRAIGHT-STEEL-0.1,MP-OBO-LCIS630,,PROP-SPLICES-INCLUDED,Find primary evidence for 6209723 — Splice hardware included,"Locate an exact-article, first-party statement or record the field as unproven; do not infer from a family page or similar part.",,0.1
RW-EVIDENCE-MP-OBO-LCIS640-PROP-SPLICES-INCLUDED,P2,required_evidence_gap,ready,manufacturer_part_property,MP-OBO-LCIS640:PROP-SPLICES-INCLUDED,PROFILE-CABLE-LADDER-STRAIGHT-STEEL-0.1,MP-OBO-LCIS640,,PROP-SPLICES-INCLUDED,Find primary evidence for 6209725 — Splice hardware included,"Locate an exact-article, first-party statement or record the field as unproven; do not infer from a family page or similar part.",,0.1
RW-EVIDENCE-MP-OBO-LCIS650-PROP-SPLICES-INCLUDED,P2,required_evidence_gap,ready,manufacturer_part_property,MP-OBO-LCIS650:PROP-SPLICES-INCLUDED,PROFILE-CABLE-LADDER-STRAIGHT-STEEL-0.1,MP-OBO-LCIS650,,PROP-SPLICES-INCLUDED,Find primary evidence for 6209727 — Splice hardware included,"Locate an exact-article, first-party statement or record the field as unproven; do not infer from a family page or similar part.",,0.1
RW-EVIDENCE-MP-OBO-LCIS660-PROP-SPLICES-INCLUDED,P2,required_evidence_gap,ready,manufacturer_part_property,MP-OBO-LCIS660:PROP-SPLICES-INCLUDED,PROFILE-CABLE-LADDER-STRAIGHT-STEEL-0.1,MP-OBO-LCIS660,,PROP-SPLICES-INCLUDED,Find primary evidence for 6209729 — Splice hardware included,"Locate an exact-article, first-party statement or record the field as unproven; do not infer from a family page or similar part.",,0.1
RW-EVIDENCE-MP-OGLAEND-1371511-PROP-SPLICES-INCLUDED,P2,required_evidence_gap,ready,manufacturer_part_property,MP-OGLAEND-1371511:PROP-SPLICES-INCLUDED,PROFILE-CABLE-LADDER-STRAIGHT-STEEL-0.1,MP-OGLAEND-1371511,,PROP-SPLICES-INCLUDED,Find primary evidence for 1371511 — Splice hardware included,"Locate an exact-article, first-party statement or record the field as unproven; do not infer from a family page or similar part.",,0.1
RW-EVIDENCE-MP-OGLAEND-1371512-PROP-SPLICES-INCLUDED,P2,required_evidence_gap,ready,manufacturer_part_property,MP-OGLAEND-1371512:PROP-SPLICES-INCLUDED,PROFILE-CABLE-LADDER-STRAIGHT-STEEL-0.1,MP-OGLAEND-1371512,,PROP-SPLICES-INCLUDED,Find primary evidence for 1371512 — Splice hardware included,"Locate an exact-article, first-party statement or record the field as unproven; do not infer from a family page or similar part.",,0.1
RW-EVIDENCE-MP-OGLAEND-1371513-PROP-SPLICES-INCLUDED,P2,required_evidence_gap,ready,manufacturer_part_property,MP-OGLAEND-1371513:PROP-SPLICES-INCLUDED,PROFILE-CABLE-LADDER-STRAIGHT-STEEL-0.1,MP-OGLAEND-1371513,,PROP-SPLICES-INCLUDED,Find primary evidence for 1371513 — Splice hardware included,"Locate an exact-article, first-party statement or record the field as unproven; do not infer from a family page or similar part.",,0.1
RW-EVIDENCE-MP-OGLAEND-1371514-PROP-SPLICES-INCLUDED,P2,required_evidence_gap,ready,manufacturer_part_property,MP-OGLAEND-1371514:PROP-SPLICES-INCLUDED,PROFILE-CABLE-LADDER-STRAIGHT-STEEL-0.1,MP-OGLAEND-1371514,,PROP-SPLICES-INCLUDED,Find primary evidence for 1371514 — Splice hardware included,"Locate an exact-article, first-party statement or record the field as unproven; do not infer from a family page or similar part.",,0.1
RW-EVIDENCE-MP-OGLAEND-1371515-PROP-SPLICES-INCLUDED,P2,required_evidence_gap,ready,manufacturer_part_property,MP-OGLAEND-1371515:PROP-SPLICES-INCLUDED,PROFILE-CABLE-LADDER-STRAIGHT-STEEL-0.1,MP-OGLAEND-1371515,,PROP-SPLICES-INCLUDED,Find primary evidence for 1371515 — Splice hardware included,"Locate an exact-article, first-party statement or record the field as unproven; do not infer from a family page or similar part.",,0.1
RW-EVIDENCE-MP-EATON-FT6X18X10-BLE-PROP-CROSS-WIRE-DIAMETER,P2,required_evidence_gap,ready,manufacturer_part_property,MP-EATON-FT6X18X10-BLE:PROP-CROSS-WIRE-DIAMETER,PROFILE-WIRE-MESH-BASKET-STRAIGHT-STEEL-0.1,MP-EATON-FT6X18X10-BLE,,PROP-CROSS-WIRE-DIAMETER,Find primary evidence for FT6X18X10 BLE — Cross-wire diameter,"Locate an exact-article, first-party statement or record the field as unproven; do not infer from a family page or similar part.",,0.1
RW-EVIDENCE-MP-EATON-FT6X18X10-BLE-PROP-MESH-LONGITUDINAL-SPACING,P2,required_evidence_gap,ready,manufacturer_part_property,MP-EATON-FT6X18X10-BLE:PROP-MESH-LONGITUDINAL-SPACING,PROFILE-WIRE-MESH-BASKET-STRAIGHT-STEEL-0.1,MP-EATON-FT6X18X10-BLE,,PROP-MESH-LONGITUDINAL-SPACING,Find primary evidence for FT6X18X10 BLE — Longitudinal mesh spacing,"Locate an exact-article, first-party statement or record the field as unproven; do not infer from a family page or similar part.",,0.1
RW-EVIDENCE-MP-EATON-FT6X18X10-BLE-PROP-MESH-TRANSVERSE-SPACING,P2,required_evidence_gap,ready,manufacturer_part_property,MP-EATON-FT6X18X10-BLE:PROP-MESH-TRANSVERSE-SPACING,PROFILE-WIRE-MESH-BASKET-STRAIGHT-STEEL-0.1,MP-EATON-FT6X18X10-BLE,,PROP-MESH-TRANSVERSE-SPACING,Find primary evidence for FT6X18X10 BLE — Transverse mesh spacing,"Locate an exact-article, first-party statement or record the field as unproven; do not infer from a family page or similar part.",,0.1
RW-EVIDENCE-MP-EATON-FT6X18X10-BLE-PROP-OTHER-LONGITUDINAL-WIRE-DIAMETER,P2,required_evidence_gap,ready,manufacturer_part_property,MP-EATON-FT6X18X10-BLE:PROP-OTHER-LONGITUDINAL-WIRE-DIAMETER,PROFILE-WIRE-MESH-BASKET-STRAIGHT-STEEL-0.1,MP-EATON-FT6X18X10-BLE,,PROP-OTHER-LONGITUDINAL-WIRE-DIAMETER,Find primary evidence for FT6X18X10 BLE — Other longitudinal wire diameter,"Locate an exact-article, first-party statement or record the field as unproven; do not infer from a family page or similar part.",,0.1
RW-EVIDENCE-MP-EATON-FT6X18X10-BLE-PROP-SPLICES-INCLUDED,P2,required_evidence_gap,ready,manufacturer_part_property,MP-EATON-FT6X18X10-BLE:PROP-SPLICES-INCLUDED,PROFILE-WIRE-MESH-BASKET-STRAIGHT-STEEL-0.1,MP-EATON-FT6X18X10-BLE,,PROP-SPLICES-INCLUDED,Find primary evidence for FT6X18X10 BLE — Splice hardware included,"Locate an exact-article, first-party statement or record the field as unproven; do not infer from a family page or similar part.",,0.1
RW-EVIDENCE-MP-EATON-FT6X18X10-BLE-PROP-TOP-LONGITUDINAL-WIRE-DIAMETER,P2,required_evidence_gap,ready,manufacturer_part_property,MP-EATON-FT6X18X10-BLE:PROP-TOP-LONGITUDINAL-WIRE-DIAMETER,PROFILE-WIRE-MESH-BASKET-STRAIGHT-STEEL-0.1,MP-EATON-FT6X18X10-BLE,,PROP-TOP-LONGITUDINAL-WIRE-DIAMETER,Find primary evidence for FT6X18X10 BLE — Top longitudinal wire diameter,"Locate an exact-article, first-party statement or record the field as unproven; do not infer from a family page or similar part.",,0.1
RW-EVIDENCE-MP-LEGRAND-US-CF150450BL-PROP-SPLICES-INCLUDED,P2,required_evidence_gap,ready,manufacturer_part_property,MP-LEGRAND-US-CF150450BL:PROP-SPLICES-INCLUDED,PROFILE-WIRE-MESH-BASKET-STRAIGHT-STEEL-0.1,MP-LEGRAND-US-CF150450BL,,PROP-SPLICES-INCLUDED,Find primary evidence for CF150/450BL — Splice hardware included,"Locate an exact-article, first-party statement or record the field as unproven; do not infer from a family page or similar part.",,0.1
RW-ARTIFACT-ART-EATON-METRIC-CATALOG,P3,artifact_retrieval,ready,source_artifact,ART-EATON-METRIC-CATALOG,,,SRC-EATON-METRIC-CATALOG,,Secure verifiable local evidence for B-Line series cable ladder support system catalog for the Middle East Region,Follow publisher access rules for the blocked artifact; record bytes and SHA-256 only after successful retrieval: https://www.eaton.com/content/dam/eaton/products/support-systems/cable-management/metric-cable-ladder-system/metric-cable-ladder/cable-ladder-support-system-me-catalog-css-19.pdf,,0.1
RW-ARTIFACT-ART-LEGRAND-SWIFTS-CATALOG,P3,artifact_retrieval,ready,source_artifact,ART-LEGRAND-SWIFTS-CATALOG,,,SRC-LEGRAND-SWIFTS-CATALOG,,Secure verifiable local evidence for Swifts cable ladder catalogue,Follow publisher access rules for the blocked artifact; record bytes and SHA-256 only after successful retrieval: https://www.legrand.co.uk/sites/g/files/ocwmcr866/files/2023-05/swifts-cable-ladder.pdf,,0.1
RW-SOURCE-GOVERNANCE-SRC-ECLASS,P3,source_governance,ready,source,SRC-ECLASS,,,SRC-ECLASS,,Resolve access or licensing status for ECLASS Standard,"Verify permissible registry use before ingestion; current states are ingestion=blocked, licence=restricted. Source: https://eclass.eu/en/",,0.1
RW-SOURCE-GOVERNANCE-SRC-GS1-GPC,P3,source_governance,ready,source,SRC-GS1-GPC,,,SRC-GS1-GPC,,Resolve access or licensing status for Global Product Classification browser,"Verify permissible registry use before ingestion; current states are ingestion=license_review, licence=review_required. Source: https://gpc-browser.gs1.org/?lang=en&publ=gdsn",,0.1
RW-SOURCE-GOVERNANCE-SRC-UNECE-REC20,P3,source_governance,ready,source,SRC-UNECE-REC20,,,SRC-UNECE-REC20,,Resolve access or licensing status for Recommendation 20 Units of Measure,"Verify permissible registry use before ingestion; current states are ingestion=license_review, licence=review_required. Source: https://unece.org/code-list-recommendations",,0.1
RW-SOURCE-GOVERNANCE-SRC-UNSPSC,P3,source_governance,ready,source,SRC-UNSPSC,,,SRC-UNSPSC,,Resolve access or licensing status for United Nations Standard Products and Services Code,"Verify permissible registry use before ingestion; current states are ingestion=license_review, licence=open. Source: https://www.undp.org/unspsc",,0.1
